data,cost
2016-05-05,0.41
2016-05-06,3.27
2016-05-07,1.23
2016-05-08,2.86
2016-05-09,10.62
2016-05-10,15.53
2016-05-11,6.13
2016-05-12,0.82
2016-05-13,0.41
2016-05-14,15.94
2016-05-15,2.45
2016-05-16,0.82
2016-05-17,0.82
2016-05-18,2.86
2016-05-19,0.41
2016-05-20,11.03
2016-05-21,11.03
2016-05-22,1.63
2016-05-23,17.98
2016-05-24,38.82
2016-05-25,37.6
2016-05-26,26.15
2016-05-27,16.35
2016-05-28,14.71
2016-05-29,17.98
2016-05-30,21.25
2016-05-31,18.39
2016-06-01,18.8
2016-06-02,20.84
2016-06-03,17.57
2016-06-04,12.67
2016-06-05,18.8
2016-06-06,23.7
2016-06-07,113.6
2016-06-08,56.39
2016-06-09,49.04
2016-06-10,26.97
2016-06-11,19.21
2016-06-12,22.88
2016-06-13,20.02
2016-06-14,24.93
2016-06-15,18.39
2016-06-16,18.8
2016-06-17,17.57
2016-06-18,9.81
2016-06-19,17.98
2016-06-20,14.71
2016-06-21,20.43
2016-06-22,13.49
2016-06-23,9.81
2016-06-24,10.22
2016-06-25,10.22
2016-06-26,8.99
2016-06-27,11.03
2016-06-28,13.08
2016-06-29,27.38
2016-06-30,13.08
2016-07-01,2.45
2016-07-02,2.04
2016-07-03,1.23
2016-07-04,6.95
2016-07-05,3.27
2016-07-06,0.82
2016-07-07,1.23
2016-07-08,2.86
2016-07-09,0.82
2016-07-10,2.86
2016-07-11,6.54
2016-07-12,3.68
2016-07-13,6.13
2016-07-14,7.36
2016-07-15,4.9
2016-07-16,4.9
2016-07-17,8.17
2016-07-18,21.66
2016-07-19,16.75
2016-07-20,6.13
2016-07-21,4.09
2016-07-22,6.54
2016-07-23,6.54
2016-07-24,4.5
2016-07-25,4.5
2016-07-26,4.9
2016-07-27,13.08
2016-07-28,2.86
2016-07-29,6.13
2016-07-30,2.04
2016-07-31,1.63
2016-08-01,6.95
2016-08-02,4.9
2016-08-03,7.76
2016-08-04,5.72
2016-08-05,1.23
2016-08-06,1.23
2016-08-07,1.63
2016-08-08,0.82
2016-08-09,0.82
2016-08-10,0.41
2016-08-11,1.23
2016-08-12,0.41
2016-08-13,0.41
2016-08-14,0.82
2016-08-15,0.82
2016-08-16,0.82
2016-08-17,0.41
2016-08-18,0.41
2016-08-19,0.41
2016-08-20,0.41
2016-08-21,0.41
2016-08-22,0.41
2016-08-23,0.41
2016-08-24,0.41
2016-08-25,0.82
2016-08-26,0.41
2016-08-27,0.41
2016-08-28,0.41
2016-08-29,2.04
2016-08-30,0.82
2016-08-31,2.45
2016-09-01,0.41
2016-09-02,0.82
2016-09-03,0.82
2016-09-04,0.41
2016-09-05,0.82
2016-09-06,0.41
2016-09-07,0.41
2016-09-08,0.41
2016-09-09,0.41
2016-09-10,1.23
2016-09-11,1.23
2016-09-12,0.82
2016-09-13,0.41
2016-09-14,0.41
2016-09-15,0.41
2016-09-16,0.41
2016-09-17,0.82
2016-09-18,1.63
2016-09-19,0.41
2016-09-20,0.41
2016-09-21,0.41
2016-09-22,1.23
2016-09-23,0.41
2016-09-24,0.41
2016-09-25,0.41
2016-09-26,0.41
2016-09-27,16.35
2016-09-28,12.67
2016-09-29,4.09
2016-09-30,6.13
2016-10-01,7.76
2016-10-02,3.68
2016-10-03,7.36
2016-10-04,3.27
2016-10-05,8.17
2016-10-06,3.27
2016-10-07,6.13
2016-10-08,21.25
2016-10-09,129.95
2016-10-10,36.37
2016-10-11,23.29
2016-10-12,19.21
2016-10-13,13.49
2016-10-14,6.13
2016-10-15,11.85
2016-10-16,20.02
2016-10-17,11.85
2016-10-18,4.5
2016-10-19,0.41
2016-10-20,6.95
2016-10-21,4.9
2016-10-22,6.54
2016-10-23,5.72
2016-10-24,10.62
2016-10-25,16.35
2016-10-26,23.29
2016-10-27,12.26
2016-10-28,13.08
2016-10-29,25.74
2016-10-30,39.64
2016-10-31,11.85
2016-11-01,4.09
2016-11-02,9.4
2016-11-03,9.4
2016-11-04,7.76
2016-11-05,18.39
2016-11-06,10.62
2016-11-07,6.13
2016-11-08,16.75
2016-11-09,9.81
2016-11-10,6.13
2016-11-11,2.45
2016-11-12,12.67
2016-11-13,7.36
2016-11-14,14.3
2016-11-15,15.12
2016-11-16,15.94
2016-11-17,10.62
2016-11-18,6.95
2016-11-19,8.58
2016-11-20,12.26
2016-11-21,15.94
2016-11-22,13.49
2016-11-23,10.62
2016-11-24,17.16
2016-11-25,25.34
2016-11-26,4.9
2016-11-27,7.76
2016-11-28,13.49
2016-11-29,17.57
2016-11-30,9.4
2016-12-01,9.4
2016-12-02,17.16
2016-12-03,6.95
2016-12-04,8.58
2016-12-05,9.4
2016-12-06,11.85
2016-12-07,10.22
2016-12-08,4.5
2016-12-09,3.68
2016-12-10,6.54
2016-12-11,9.81
2016-12-12,16.75
2016-12-13,6.95
2016-12-14,8.17
2016-12-15,9.4
2016-12-16,6.95
2016-12-17,5.31
2016-12-18,6.13
2016-12-19,8.58
2016-12-20,11.44
2016-12-21,12.26
2016-12-22,9.4
2016-12-23,6.54
2016-12-24,1.23
2016-12-25,1.63
2016-12-26,6.13
2016-12-27,11.03
2016-12-28,19.21
2016-12-29,37.19
2016-12-30,22.07
2016-12-31,6.13
2017-01-01,12.67
2017-01-02,37.6
2017-01-03,44.13
2017-01-04,22.07
2017-01-05,8.99
2017-01-06,12.67
2017-01-07,17.16
2017-01-08,21.66
2017-01-09,38
2017-01-10,50.67
2017-01-11,110.74
2017-01-12,127.09
2017-01-13,182.26
2017-01-14,266.44
2017-01-15,274.2
2017-01-16,263.17
2017-01-17,264.39
2017-01-18,215.36
2017-01-19,169.59
2017-01-20,158.55
2017-01-21,149.97
2017-01-22,236.2
2017-01-23,210.04
2017-01-24,242.73
2017-01-25,188.79
2017-01-26,140.57
2017-01-27,170
2017-01-28,159.37
2017-01-29,184.71
2017-01-30,146.29
2017-01-31,92.76
2017-02-01,105.84
2017-02-02,93.99
2017-02-03,98.07
2017-02-04,99.71
2017-02-05,320.38
2017-02-06,313.43
2017-02-07,301.58
2017-02-08,347.35
2017-02-09,331.41
2017-02-10,301.58
2017-02-11,156.92
2017-02-12,337.54
2017-02-13,407.01
2017-02-14,348.17
2017-02-15,456.86
2017-02-16,389.44
2017-02-17,417.23
2017-02-18,388.62
2017-02-19,494.46
2017-02-20,347.76
2017-02-21,449.51
2017-02-22,301.17
2017-02-23,230.48
2017-02-24,236.61
2017-02-25,215.36
2017-02-26,258.26
2017-02-27,219.85
2017-02-28,212.09
2017-03-01,258.67
2017-03-02,308.94
2017-03-03,272.57
2017-03-04,234.56
2017-03-05,270.52
2017-03-06,286.46
2017-03-07,243.14
2017-03-08,248.86
2017-03-09,238.65
2017-03-10,231.29
2017-03-11,206.77
2017-03-12,271.75
2017-03-13,275.43
2017-03-14,265.62
2017-03-15,268.07
2017-03-16,248.05
2017-03-17,235.79
2017-03-18,267.66
2017-03-19,301.17
2017-03-20,288.09
2017-03-21,275.43
2017-03-22,237.83
2017-03-23,238.24
2017-03-24,214.54
2017-03-25,186.75
2017-03-26,243.14
2017-03-27,224.35
2017-03-28,147.11
2017-03-29,155.69
2017-03-30,123.41
2017-03-31,145.89
2017-04-01,96.44
2017-04-02,182.26
2017-04-03,246
2017-04-04,237.01
2017-04-05,222.71
2017-04-06,202.69
2017-04-07,189.61
2017-04-08,195.74
2017-04-09,207.59
2017-04-10,170.81
2017-04-11,199.01
2017-04-12,225.57
2017-04-13,163.87
2017-04-14,181.85
2017-04-15,198.19
2017-04-16,187.98
2017-04-17,262.35
2017-04-18,284.83
2017-04-19,369.82
2017-04-20,353.48
2017-04-21,246
2017-04-22,280.33
2017-04-23,327.73
2017-04-24,291.77
2017-04-25,303.21
2017-04-26,293
2017-04-27,243.96
2017-04-28,232.52
2017-04-29,185.52
2017-04-30,214.95
2017-05-01,262.76
2017-05-02,259.08
2017-05-03,507.13
2017-05-04,337.95
2017-05-05,248.46
2017-05-06,231.7
2017-05-07,427.85
2017-05-08,365.74
2017-05-09,282.37
2017-05-10,263.17
2017-05-11,215.36
2017-05-12,161.82
2017-05-13,155.28
2017-05-14,165.5
2017-05-15,187.57
2017-05-16,238.24
2017-05-17,192.88
2017-05-18,183.07
2017-05-19,141.8
2017-05-20,131.17
2017-05-21,155.69
2017-05-22,251.32
2017-05-23,179.8
2017-05-24,192.47
2017-05-25,198.19
2017-05-26,163.46
2017-05-27,142.21
2017-05-28,171.63
2017-05-29,242.73
2017-05-30,218.22
2017-05-31,208.82
2017-06-01,206.37
2017-06-02,164.28
2017-06-03,157.74
2017-06-04,373.5
2017-06-05,268.48
2017-06-06,270.93
2017-06-07,224.35
2017-06-08,177.76
2017-06-09,146.7
2017-06-10,179.4
2017-06-11,225.16
2017-06-12,254.59
2017-06-13,271.34
2017-06-14,178.17
2017-06-15,205.55
2017-06-16,177.35
2017-06-17,202.28
2017-06-18,218.62
2017-06-19,214.13
2017-06-20,197.38
2017-06-21,169.59
2017-06-22,157.33
2017-06-23,170.4
2017-06-24,156.1
2017-06-25,212.9
2017-06-26,214.54
2017-06-27,201.46
2017-06-28,197.38
2017-06-29,243.55
2017-06-30,141.8
2017-07-01,180.62
2017-07-02,297.08
2017-07-03,260.31
2017-07-04,261.53
2017-07-05,251.73
2017-07-06,199.42
2017-07-07,152.83
2017-07-08,146.7
2017-07-09,219.85
2017-07-10,301.17
2017-07-11,345.71
2017-07-12,242.33
2017-07-13,219.03
2017-07-14,173.67
2017-07-15,160.19
2017-07-16,210.45
2017-07-17,233.34
2017-07-18,289.73
2017-07-19,250.91
2017-07-20,200.64
2017-07-21,172.04
2017-07-22,174.08
2017-07-23,263.98
2017-07-24,264.8
2017-07-25,221.49
2017-07-26,204.32
2017-07-27,161.41
2017-07-28,223.53
2017-07-29,71.51
2017-07-30,44.95
2017-07-31,60.07
2017-08-01,61.3
2017-08-02,63.75
2017-08-03,67.43
2017-08-04,61.71
2017-08-05,40.46
2017-08-06,57.62
2017-08-07,88.68
2017-08-08,84.18
2017-08-09,67.84
2017-08-10,60.48
2017-08-11,59.25
2017-08-12,48.63
2017-08-13,61.71
2017-08-14,71.51
2017-08-15,64.16
2017-08-16,78.87
2017-08-17,89.9
2017-08-18,57.62
2017-08-19,68.24
2017-08-20,199.01
2017-08-21,344.9
2017-08-22,254.18
2017-08-23,217.4
2017-08-24,173.27
2017-08-25,164.68
2017-08-26,105.02
2017-08-27,176.53
2017-08-28,197.38
2017-08-29,189.61
2017-08-30,161.01
2017-08-31,184.3
2017-09-01,199.83
2017-09-02,160.6
2017-09-03,239.06
2017-09-04,230.07
2017-09-05,219.03
2017-09-06,299.13
2017-09-07,230.48
2017-09-08,134.44
2017-09-09,107.06
2017-09-10,166.73
2017-09-11,183.48
2017-09-12,344.49
2017-09-13,180.21
2017-09-14,195.74
2017-09-15,136.49
2017-09-16,107.06
2017-09-17,159.37
2017-09-18,129.13
2017-09-19,121.78
2017-09-20,116.06
2017-09-21,156.1
2017-09-22,121.78
2017-09-23,79.28
2017-09-24,187.57
2017-09-25,246
2017-09-26,203.1
2017-09-27,139.35
2017-09-28,124.64
2017-09-29,105.02
2017-09-30,101.75
2017-10-01,269.3
2017-10-02,294.22
2017-10-03,251.73
2017-10-04,174.9
2017-10-05,192.06
2017-10-06,290.55
2017-10-07,141.8
2017-10-08,303.21
2017-10-09,272.97
2017-10-10,207.59
2017-10-11,180.21
2017-10-12,141.8
2017-10-13,143.03
2017-10-14,118.51
2017-10-15,219.85
2017-10-16,187.98
2017-10-17,205.14
2017-10-18,162.23
2017-10-19,138.53
2017-10-20,122.18
2017-10-21,175.72
2017-10-22,205.96
2017-10-23,208
2017-10-24,176.53
2017-10-25,182.26
2017-10-26,113.6
2017-10-27,161.41
2017-10-28,127.91
2017-10-29,215.76
2017-10-30,173.67
2017-10-31,141.39
2017-11-01,234.97
2017-11-02,225.98
2017-11-03,186.75
2017-11-04,145.89
2017-11-05,197.38
2017-11-06,188.79
2017-11-07,175.31
2017-11-08,161.41
2017-11-09,126.27
2017-11-10,87.86
2017-11-11,165.91
2017-11-12,236.2
2017-11-13,212.09
2017-11-14,174.9
2017-11-15,259.49
2017-11-16,209.63
2017-11-17,98.89
2017-11-18,89.49
2017-11-19,104.2
2017-11-20,90.72
2017-11-21,98.48
2017-11-22,78.87
2017-11-23,59.25
2017-11-24,57.62
2017-11-25,46.59
2017-11-26,96.44
2017-11-27,55.98
2017-11-28,71.51
2017-11-29,69.06
2017-11-30,85
2017-12-01,105.02
2017-12-02,81.32
2017-12-03,118.92
2017-12-04,99.3
2017-12-05,73.96
2017-12-06,56.39
2017-12-07,59.66
2017-12-08,50.26
2017-12-09,32.69
2017-12-10,73.96
2017-12-11,55.98
2017-12-12,50.67
2017-12-13,43.72
2017-12-14,26.97
2017-12-15,36.78
2017-12-16,17.98
2017-12-17,32.69
2017-12-18,60.89
2017-12-19,44.95
2017-12-20,41.68
2017-12-21,49.85
2017-12-22,35.96
2017-12-23,22.48
2017-12-24,17.57
2017-12-25,47.4
2017-12-26,65.38
2017-12-27,113.19
2017-12-28,113.6
2017-12-29,97.67
2017-12-30,130.36
2017-12-31,85
2018-01-01,331
2018-01-02,372.68
2018-01-03,287.28
2018-01-04,237.83
2018-01-05,186.34
2018-01-06,210.86
2018-01-07,235.38
2018-01-08,220.67
2018-01-09,194.11
2018-01-10,200.64
2018-01-11,157.33
2018-01-12,145.48
2018-01-13,156.92
2018-01-14,183.48
2018-01-15,201.46
2018-01-16,194.92
2018-01-17,170
2018-01-18,158.55
2018-01-19,196.15
2018-01-20,161.01
2018-01-21,225.98
2018-01-22,246.82
2018-01-23,136.9
2018-01-24,146.29
2018-01-25,130.77
2018-01-26,98.07
2018-01-27,79.69
2018-01-28,124.64
2018-01-29,124.64
2018-01-30,116.06
2018-01-31,111.15
2018-02-01,161.01
2018-02-02,109.11
2018-02-03,69.88
2018-02-04,188.79
2018-02-05,151.2
2018-02-06,104.2
2018-02-07,72.33
2018-02-08,62.52
2018-02-09,44.13
2018-02-10,59.25
2018-02-11,143.43
2018-02-12,121.37
2018-02-13,96.44
2018-02-14,70.7
2018-02-15,111.56
2018-02-16,134.04
2018-02-17,120.55
2018-02-18,166.73
2018-02-19,128.31
2018-02-20,99.71
2018-02-21,137.3
2018-02-22,93.58
2018-02-23,56.39
2018-02-24,79.69
2018-02-25,120.96
2018-02-26,123.41
2018-02-27,157.74
2018-02-28,98.48
2018-03-01,114.01
2018-03-02,99.71
2018-03-03,95.21
2018-03-04,136.49
2018-03-05,110.74
2018-03-06,107.06
2018-03-07,101.34
2018-03-08,73.15
2018-03-09,67.84
2018-03-10,72.74
2018-03-11,102.98
2018-03-12,119.73
2018-03-13,93.17
2018-03-14,79.69
2018-03-15,77.23
2018-03-16,74.78
2018-03-17,80.5
2018-03-18,202.69
2018-03-19,85.82
2018-03-20,92.35
2018-03-21,80.5
2018-03-22,99.3
2018-03-23,101.34
2018-03-24,86.22
2018-03-25,93.58
2018-03-26,128.72
2018-03-27,116.46
2018-03-28,81.32
2018-03-29,50.26
2018-03-30,29.83
2018-03-31,23.7
2018-04-01,74.78
2018-04-02,127.91
2018-04-03,89.08
2018-04-04,53.53
2018-04-05,37.6
2018-04-06,36.37
2018-04-07,36.78
2018-04-08,72.33
2018-04-09,51.9
2018-04-10,61.3
2018-04-11,60.89
2018-04-12,42.09
2018-04-13,43.32
2018-04-14,23.7
2018-04-15,61.3
2018-04-16,75.19
2018-04-17,50.67
2018-04-18,149.97
2018-04-19,111.97
2018-04-20,114.83
2018-04-21,96.85
2018-04-22,150.79
2018-04-23,177.35
2018-04-24,131.99
2018-04-25,105.84
2018-04-26,107.88
2018-04-27,78.46
2018-04-28,76.01
2018-04-29,68.65
2018-04-30,53.94
2018-05-01,143.43
2018-05-02,258.67
2018-05-03,247.23
2018-05-04,376.36
2018-05-05,330.18
2018-05-06,316.7
2018-05-07,285.23
2018-05-08,262.35
2018-05-09,225.57
2018-05-10,167.54
2018-05-11,152.42
2018-05-12,143.43
2018-05-13,200.64
2018-05-14,210.86
2018-05-15,182.26
2018-05-16,192.06
2018-05-17,150.38
2018-05-18,169.18
2018-05-19,118.92
2018-05-20,221.08
2018-05-21,145.89
2018-05-22,326.51
2018-05-23,318.33
2018-05-24,243.55
2018-05-25,237.01
2018-05-26,274.61
2018-05-27,351.03
2018-05-28,332.64
2018-05-29,313.02
2018-05-30,241.1
2018-05-31,284.83
2018-06-01,254.18
2018-06-02,254.59
2018-06-03,355.52
2018-06-04,354.29
2018-06-05,429.08
2018-06-06,352.66
2018-06-07,350.21
2018-06-08,342.44
2018-06-09,245.6
2018-06-10,277.47
2018-06-11,305.67
2018-06-12,311.8
2018-06-13,307.3
2018-06-14,261.12
2018-06-15,138.12
2018-06-16,203.51
2018-06-17,268.48
2018-06-18,310.57
2018-06-19,289.73
2018-06-20,295.45
2018-06-21,278.7
2018-06-22,252.95
2018-06-23,245.6
2018-06-24,394.75
2018-06-25,335.5
2018-06-26,264.8
2018-06-27,237.83
2018-06-28,192.88
2018-06-29,208
2018-06-30,177.76
2018-07-01,301.17
2018-07-02,322.42
2018-07-03,285.64
2018-07-04,253.77
2018-07-05,223.94
2018-07-06,282.37
2018-07-07,214.13
2018-07-08,166.73
2018-07-09,169.59
2018-07-10,192.47
2018-07-11,204.32
2018-07-12,224.75
2018-07-13,203.1
2018-07-14,131.58
2018-07-15,187.57
2018-07-16,173.27
2018-07-17,192.47
2018-07-18,183.48
2018-07-19,154.88
2018-07-20,127.91
2018-07-21,102.98
2018-07-22,144.25
2018-07-23,149.97
2018-07-24,132.4
2018-07-25,135.67
2018-07-26,147.52
2018-07-27,143.84
2018-07-28,95.62
2018-07-29,163.05
2018-07-30,174.9
2018-07-31,129.95
2018-08-01,167.95
2018-08-02,118.1
2018-08-03,101.75
2018-08-04,82.14
2018-08-05,123.82
2018-08-06,148.34
2018-08-07,137.3
2018-08-08,119.73
2018-08-09,95.21
2018-08-10,98.89
2018-08-11,93.99
2018-08-12,93.58
2018-08-13,109.11
2018-08-14,158.55
2018-08-15,172.04
2018-08-16,142.21
2018-08-17,115.65
2018-08-18,104.2
2018-08-19,150.79
2018-08-20,129.95
2018-08-21,149.56
2018-08-22,151.61
2018-08-23,136.08
2018-08-24,104.61
2018-08-25,81.73
2018-08-26,121.37
2018-08-27,134.85
2018-08-28,140.98
2018-08-29,105.84
2018-08-30,132.4
2018-08-31,119.32
2018-09-01,140.57
2018-09-02,181.85
2018-09-03,173.67
2018-09-04,164.68
2018-09-05,156.92
2018-09-06,158.55
2018-09-07,158.96
2018-09-08,64.57
2018-09-09,204.32
2018-09-10,175.31
2018-09-11,181.85
2018-09-12,163.46
2018-09-13,136.9
2018-09-14,138.94
2018-09-15,129.13
2018-09-16,142.21
2018-09-17,199.01
2018-09-18,172.86
2018-09-19,147.11
2018-09-20,111.15
2018-09-21,120.55
2018-09-22,111.15
2018-09-23,169.18
2018-09-24,133.22
2018-09-25,109.52
2018-09-26,98.48
2018-09-27,117.69
2018-09-28,82.55
2018-09-29,78.46
2018-09-30,63.34
2018-10-01,112.38
2018-10-02,126.27
2018-10-03,101.34
2018-10-04,107.47
2018-10-05,92.76
2018-10-06,80.09
2018-10-07,111.15
2018-10-08,110.74
2018-10-09,98.07
2018-10-10,101.75
2018-10-11,95.21
2018-10-12,60.89
2018-10-13,54.35
2018-10-14,100.94
2018-10-15,109.11
2018-10-16,127.5
2018-10-17,156.51
2018-10-18,123.41
2018-10-19,109.11
2018-10-20,113.6
2018-10-21,156.51
2018-10-22,211.27
2018-10-23,239.47
2018-10-24,173.67
2018-10-25,213.72
2018-10-26,185.12
2018-10-27,143.43
2018-10-28,191.65
2018-10-29,160.6
2018-10-30,99.3
2018-10-31,100.12
2018-11-01,125.45
2018-11-02,119.73
2018-11-03,116.46
2018-11-04,138.94
2018-11-05,134.44
2018-11-06,136.49
2018-11-07,174.49
2018-11-08,122.59
2018-11-09,87.86
2018-11-10,86.22
2018-11-11,104.61
2018-11-12,110.74
2018-11-13,103.39
2018-11-14,83.36
2018-11-15,273.79
2018-11-16,93.99
2018-11-17,64.97
2018-11-18,143.43
2018-11-19,143.43
2018-11-20,107.88
2018-11-21,67.84
2018-11-22,92.35
2018-11-23,49.04
2018-11-24,47.81
2018-11-25,47.4
2018-11-26,49.45
2018-11-27,59.25
2018-11-28,75.6
2018-11-29,85.82
2018-11-30,68.24
2018-12-01,100.53
2018-12-02,124.64
2018-12-03,101.75
2018-12-04,105.84
2018-12-05,103.39
2018-12-06,75.6
2018-12-07,60.48
2018-12-08,62.52
2018-12-09,99.71
2018-12-10,93.17
2018-12-11,82.55
2018-12-12,73.96
2018-12-13,58.03
2018-12-14,71.1
2018-12-15,51.9
2018-12-16,83.36
2018-12-17,76.01
2018-12-18,75.19
2018-12-19,82.95
2018-12-20,52.31
2018-12-21,60.07
2018-12-22,54.76
2018-12-23,51.08
2018-12-24,31.06
2018-12-25,72.74
2018-12-26,100.94
2018-12-27,156.51
2018-12-28,189.61
2018-12-29,140.57
2018-12-30,142.21
2018-12-31,52.31
2019-01-01,143.43
2019-01-02,206.77
2019-01-03,180.62
2019-01-04,145.48
2019-01-05,134.44
2019-01-06,160.6
2019-01-07,177.35
2019-01-08,142.62
2019-01-09,173.67
2019-01-10,149.97
2019-01-11,116.87
2019-01-12,106.25
2019-01-13,139.35
2019-01-14,132.81
2019-01-15,183.89
2019-01-16,178.99
2019-01-17,223.94
2019-01-18,166.73
2019-01-19,151.2
2019-01-20,189.2
2019-01-21,209.63
2019-01-22,183.07
2019-01-23,202.69
2019-01-24,208
2019-01-25,174.9
2019-01-26,147.93
2019-01-27,141.8
2019-01-28,169.18
2019-01-29,141.39
2019-01-30,147.52
2019-01-31,129.54
2019-02-01,149.97
2019-02-02,155.28
2019-02-03,161.82
2019-02-04,188.79
2019-02-05,140.17
2019-02-06,132.81
2019-02-07,164.28
2019-02-08,119.73
2019-02-09,90.31
2019-02-10,127.91
2019-02-11,112.79
2019-02-12,131.99
2019-02-13,128.31
2019-02-14,105.02
2019-02-15,102.57
2019-02-16,96.03
2019-02-17,129.13
2019-02-18,232.93
2019-02-19,193.29
2019-02-20,142.21
2019-02-21,146.7
2019-02-22,106.25
2019-02-23,110.74
2019-02-24,144.25
2019-02-25,140.98
2019-02-26,134.44
2019-02-27,126.27
2019-02-28,142.21
2019-03-01,142.62
2019-03-02,166.32
2019-03-03,198.6
2019-03-04,162.23
2019-03-05,172.04
2019-03-06,235.79
2019-03-07,174.9
2019-03-08,126.68
2019-03-09,128.72
2019-03-10,181.85
2019-03-11,152.02
2019-03-12,151.2
2019-03-13,131.17
2019-03-14,120.14
2019-03-15,116.06
2019-03-16,96.03
2019-03-17,123
2019-03-18,111.97
2019-03-19,146.29
2019-03-20,120.55
2019-03-21,111.56
2019-03-22,78.05
2019-03-23,80.5
2019-03-24,50.67
2019-03-25,156.1
2019-03-26,131.58
2019-03-27,130.36
2019-03-28,92.35
2019-03-29,81.32
2019-03-30,84.59
2019-03-31,55.58
2019-04-01,37.19
2019-04-02,101.75
2019-04-03,128.72
2019-04-04,105.02
2019-04-05,96.85
2019-04-06,78.87
2019-04-07,96.44
2019-04-08,89.08
2019-04-09,109.11
2019-04-10,62.52
2019-04-11,76.42
2019-04-12,89.9
2019-04-13,89.9
2019-04-14,72.74
2019-04-15,66.61
2019-04-16,58.44
2019-04-17,41.27
2019-04-18,46.59
2019-04-19,48.22
2019-04-20,24.52
2019-04-21,31.87
2019-04-22,53.12
2019-04-23,79.69
2019-04-24,96.44
2019-04-25,49.85
2019-04-26,64.16
2019-04-27,45.77
2019-04-28,62.52
2019-04-29,46.18
2019-04-30,36.37
2019-05-01,32.69
2019-05-02,24.52
2019-05-03,61.3
2019-05-04,18.39
2019-05-05,24.52
2019-05-06,63.75
2019-05-07,81.73
2019-05-08,83.36
2019-05-09,72.33
2019-05-10,36.78
2019-05-11,29.42
2019-05-12,76.42
2019-05-13,62.93
2019-05-14,82.55
2019-05-15,66.2
2019-05-16,63.75
2019-05-17,59.66
2019-05-18,35.55
2019-05-19,69.06
2019-05-20,77.23
2019-05-21,116.06
2019-05-22,75.6
2019-05-23,88.68
2019-05-24,57.21
2019-05-25,60.48
2019-05-26,88.27
2019-05-27,74.78
2019-05-28,118.1
2019-05-29,161.01
2019-05-30,67.43
2019-05-31,87.45
2019-06-01,62.52
2019-06-02,55.58
2019-06-03,83.77
2019-06-04,95.62
2019-06-05,63.75
2019-06-06,56.39
2019-06-07,62.52
2019-06-08,59.25
2019-06-09,76.01
2019-06-10,85.82
2019-06-11,66.2
2019-06-12,67.02
2019-06-13,55.58
2019-06-14,42.91
2019-06-15,37.19
2019-06-16,42.91
2019-06-17,39.64
2019-06-18,72.74
2019-06-19,53.94
2019-06-20,59.25
2019-06-21,40.05
2019-06-22,23.7
2019-06-23,29.83
2019-06-24,38.41
2019-06-25,43.32
2019-06-26,46.59
2019-06-27,64.57
2019-06-28,120.14
2019-06-29,60.07
2019-06-30,58.44
2019-07-01,71.1
2019-07-02,73.96
2019-07-03,60.89
2019-07-04,77.64
2019-07-05,36.78
2019-07-06,21.66
2019-07-07,50.67
2019-07-08,51.08
2019-07-09,47.81
2019-07-10,38.82
2019-07-11,48.22
2019-07-12,38.41
2019-07-13,26.56
2019-07-14,45.36
2019-07-15,55.98
2019-07-16,62.93
2019-07-17,43.32
2019-07-18,38
2019-07-19,26.97
2019-07-20,31.47
2019-07-21,45.36
2019-07-22,39.23
2019-07-23,57.21
2019-07-24,30.24
2019-07-25,34.73
2019-07-26,24.11
2019-07-27,49.45
2019-07-28,98.07
2019-07-29,109.52
2019-07-30,63.34
2019-07-31,56.39
2019-08-01,143.43
2019-08-02,76.42
2019-08-03,71.1
2019-08-04,72.74
2019-08-05,67.02
2019-08-06,73.96
2019-08-07,67.43
2019-08-08,93.58
2019-08-09,61.3
2019-08-10,85
2019-08-11,80.5
2019-08-12,61.3
2019-08-13,71.92
2019-08-14,46.59
2019-08-15,40.05
2019-08-16,70.7
2019-08-17,167.95
2019-08-18,227.21
2019-08-19,82.55
2019-08-20,71.51
2019-08-21,82.55
2019-08-22,53.53
2019-08-23,121.78
2019-08-24,121.37
2019-08-25,134.04
2019-08-26,87.45
2019-08-27,55.98
2019-08-28,44.13
2019-08-29,50.26
2019-08-30,44.13
2019-08-31,26.15
2019-09-01,55.98
2019-09-02,41.68
2019-09-03,69.06
2019-09-04,43.32
2019-09-05,43.32
2019-09-06,42.5
2019-09-07,31.06
2019-09-08,44.54
2019-09-09,54.76
2019-09-10,64.57
2019-09-11,46.99
2019-09-12,35.14
2019-09-13,95.21
2019-09-14,38
2019-09-15,51.08
2019-09-16,47.81
2019-09-17,44.13
2019-09-18,49.45
2019-09-19,35.96
2019-09-20,23.7
2019-09-21,25.74
2019-09-22,27.38
2019-09-23,35.14
2019-09-24,45.36
2019-09-25,67.43
2019-09-26,47.4
2019-09-27,32.69
2019-09-28,45.77
2019-09-29,47.4
2019-09-30,45.77
2019-10-01,49.85
2019-10-02,111.97
2019-10-03,71.1
2019-10-04,14.3
2019-10-05,51.08
2019-10-06,42.91
2019-10-07,52.31
2019-10-08,51.49
2019-10-09,22.07
2019-10-10,25.34
2019-10-11,35.14
2019-10-12,42.91
2019-10-13,73.96
2019-10-14,46.99
2019-10-15,60.89
2019-10-16,46.59
2019-10-17,40.86
2019-10-18,27.79
2019-10-19,29.42
2019-10-20,38.41
2019-10-21,49.85
2019-10-22,49.45
2019-10-23,55.17
2019-10-24,67.02
2019-10-25,42.91
2019-10-26,31.47
2019-10-27,36.78
2019-10-28,51.9
2019-10-29,44.13
2019-10-30,28.2
2019-10-31,30.65
2019-11-01,31.87
2019-11-02,40.05
2019-11-03,45.36
2019-11-04,61.3
2019-11-05,67.84
2019-11-06,85
2019-11-07,46.99
2019-11-08,46.18
2019-11-09,40.86
2019-11-10,47.4
2019-11-11,66.61
2019-11-12,53.53
2019-11-13,75.19
2019-11-14,48.22
2019-11-15,61.3
2019-11-16,82.14
2019-11-17,71.51
2019-11-18,46.59
2019-11-19,39.64
2019-11-20,39.64
2019-11-21,28.2
2019-11-22,27.79
2019-11-23,18.39
2019-11-24,22.48
2019-11-25,51.08
2019-11-26,88.27
2019-11-27,44.13
2019-11-28,28.61
2019-11-29,29.42
2019-11-30,11.03
2019-12-01,25.74
2019-12-02,95.62
2019-12-03,94.4
2019-12-04,65.38
2019-12-05,43.72
2019-12-06,33.92
2019-12-07,34.73
2019-12-08,44.95
2019-12-09,72.74
2019-12-10,51.49
2019-12-11,24.93
2019-12-12,27.79
2019-12-13,19.61
2019-12-14,26.97
2019-12-15,19.61
2019-12-16,69.88
2019-12-17,77.64
2019-12-18,82.55
2019-12-19,69.88
2019-12-20,46.18
2019-12-21,19.61
2019-12-22,18.8
2019-12-23,22.88
2019-12-24,11.85
2019-12-25,17.98
2019-12-26,26.97
2019-12-27,49.85
2019-12-28,26.97
2019-12-29,39.64
2019-12-30,41.68
2019-12-31,23.7
2020-01-01,62.52
2020-01-02,87.04
2020-01-03,90.72
2020-01-04,78.05
2020-01-05,66.2
2020-01-06,98.89
2020-01-07,108.7
2020-01-08,78.87
2020-01-09,52.31
2020-01-10,45.77
2020-01-11,44.95
2020-01-12,55.98
2020-01-13,51.08
2020-01-14,63.34
2020-01-15,56.8
2020-01-16,43.32
2020-01-17,34.73
2020-01-18,39.64
2020-01-19,49.85
2020-01-20,68.24
2020-01-21,91.95
2020-01-22,49.45
2020-01-23,31.06
2020-01-24,31.47
2020-01-25,30.24
2020-01-26,45.36
2020-01-27,72.74
2020-01-28,75.19
2020-01-29,38.41
2020-01-30,31.47
2020-01-31,31.06
2020-02-01,26.15
2020-02-02,39.23
2020-02-03,43.32
2020-02-04,71.51
2020-02-05,51.9
2020-02-06,48.63
2020-02-07,36.78
2020-02-08,31.87
2020-02-09,43.32
2020-02-10,35.96
2020-02-11,34.33
2020-02-12,52.72
2020-02-13,62.11
2020-02-14,26.15
2020-02-15,17.16
2020-02-16,27.79
2020-02-17,33.51
2020-02-18,31.87
2020-02-19,49.04
2020-02-20,33.1
2020-02-21,33.1
2020-02-22,27.79
2020-02-23,33.1
2020-02-24,24.52
2020-02-25,22.07
2020-02-26,22.07
2020-02-27,43.32
2020-02-28,22.88
2020-02-29,24.11
2020-03-01,57.62
2020-03-02,47.4
2020-03-03,35.55
2020-03-04,46.18
2020-03-05,29.83
2020-03-06,24.52
2020-03-07,22.88
2020-03-08,7.36
2020-03-09,29.01
2020-03-10,29.01
2020-03-11,19.21
2020-03-12,14.71
2020-03-13,12.67
2020-03-14,14.3
2020-03-15,28.61
2020-03-16,29.42
2020-03-17,12.26
2020-03-18,26.15
2020-03-19,35.14
2020-03-20,44.95
2020-03-21,38.82
2020-03-22,56.8
2020-03-23,80.91
2020-03-24,82.14
2020-03-25,80.91
2020-03-26,53.53
2020-03-27,53.12
2020-03-28,65.38
2020-03-29,87.04
2020-03-30,67.02
2020-03-31,47.4
2020-04-01,44.13
2020-04-02,38
2020-04-03,32.28
2020-04-04,42.09
2020-04-05,40.05
2020-04-06,39.23
2020-04-07,29.01
2020-04-08,27.79
2020-04-09,19.61
2020-04-10,22.07
2020-04-11,21.66
2020-04-12,23.7
2020-04-13,76.83
2020-04-14,199.42
2020-04-15,174.9
2020-04-16,168.77
2020-04-17,73.56
2020-04-18,44.95
2020-04-19,24.52
2020-04-20,146.29
2020-04-21,154.88
2020-04-22,153.24
2020-04-23,141.39
2020-04-24,154.06
2020-04-25,131.58
2020-04-26,126.27
2020-04-27,126.68
2020-04-28,97.67
2020-04-29,168.77
2020-04-30,112.79
2020-05-01,124.23
2020-05-02,245.19
2020-05-03,431.94
2020-05-04,315.88
2020-05-05,201.05
2020-05-06,281.15
2020-05-07,238.65
2020-05-08,220.26
2020-05-09,191.65
2020-05-10,239.47
2020-05-11,219.03
2020-05-12,240.28
2020-05-13,227.21
2020-05-14,219.85
2020-05-15,203.1
2020-05-16,241.51
2020-05-17,295.86
2020-05-18,282.78
2020-05-19,210.86
2020-05-20,180.62
2020-05-21,237.42
2020-05-22,282.37
2020-05-23,239.47
2020-05-24,317.52
2020-05-25,238.24
2020-05-26,229.66
2020-05-27,250.5
2020-05-28,138.94
2020-05-29,92.35
2020-05-30,140.17
2020-05-31,145.48
2020-06-01,93.99
2020-06-02,141.39
2020-06-03,164.28
2020-06-04,278.29
2020-06-05,272.57
2020-06-06,245.6
2020-06-07,276.65
2020-06-08,274.2
2020-06-09,241.51
2020-06-10,187.98
2020-06-11,209.23
2020-06-12,165.91
2020-06-13,152.02
2020-06-14,192.06
2020-06-15,204.32
2020-06-16,184.3
2020-06-17,147.52
2020-06-18,161.41
2020-06-19,150.79
2020-06-20,146.29
2020-06-21,174.08
2020-06-22,171.22
2020-06-23,183.07
2020-06-24,132.81
2020-06-25,115.65
2020-06-26,176.94
2020-06-27,205.55
2020-06-28,216.99
2020-06-29,220.67
2020-06-30,244.37
2020-07-01,264.39
2020-07-02,274.61
2020-07-03,242.73
2020-07-04,204.32
2020-07-05,272.16
2020-07-06,241.1
2020-07-07,164.68
2020-07-08,163.05
2020-07-09,221.49
2020-07-10,211.27
2020-07-11,228.02
2020-07-12,242.73
2020-07-13,284.83
2020-07-14,269.3
2020-07-15,240.28
2020-07-16,222.71
2020-07-17,204.32
2020-07-18,185.12
2020-07-19,212.09
2020-07-20,251.32
2020-07-21,249.68
2020-07-22,205.55
2020-07-23,200.64
2020-07-24,167.95
2020-07-25,153.65
2020-07-26,222.3
2020-07-27,217.81
2020-07-28,245.19
2020-07-29,221.89
2020-07-30,164.28
2020-07-31,171.22
2020-08-01,154.06
2020-08-02,237.42
2020-08-03,147.11
2020-08-04,69.47
2020-08-05,147.93
2020-08-06,194.92
2020-08-07,172.86
2020-08-08,117.69
2020-08-09,160.6
2020-08-10,155.69
2020-08-11,239.87
2020-08-12,208
2020-08-13,135.26
2020-08-14,138.94
2020-08-15,133.63
2020-08-16,173.67
2020-08-17,167.95
2020-08-18,203.51
2020-08-19,164.28
2020-08-20,105.43
2020-08-21,138.12
2020-08-22,121.37
2020-08-23,164.28
2020-08-24,145.48
2020-08-25,123.41
2020-08-26,94.4
2020-08-27,107.06
2020-08-28,248.86
2020-08-29,352.66
2020-08-30,435.21
2020-08-31,393.93
2020-09-01,204.32
2020-09-02,281.96
2020-09-03,199.01
2020-09-04,197.38
2020-09-05,183.89
2020-09-06,200.64
2020-09-07,143.84
2020-09-08,125.86
2020-09-09,174.08
2020-09-10,57.62
2020-09-11,108.7
2020-09-12,118.1
2020-09-13,199.83
2020-09-14,140.98
2020-09-15,141.8
2020-09-16,107.47
2020-09-17,118.92
2020-09-18,125.45
2020-09-19,88.27
2020-09-20,148.34
2020-09-21,165.5
2020-09-22,133.22
2020-09-23,117.28
2020-09-24,90.72
2020-09-25,81.32
2020-09-26,73.15
2020-09-27,85
2020-09-28,99.3
2020-09-29,76.83
2020-09-30,131.99
2020-10-01,68.65
2020-10-02,63.34
2020-10-03,60.48
2020-10-04,80.91
2020-10-05,91.54
2020-10-06,84.18
2020-10-07,106.66
2020-10-08,67.43
2020-10-09,105.02
2020-10-10,50.26
2020-10-11,86.63
2020-10-12,90.72
2020-10-13,115.65
2020-10-14,46.59
2020-10-15,78.46
2020-10-16,60.48
2020-10-17,60.07
2020-10-18,57.21
2020-10-19,89.49
2020-10-20,120.96
2020-10-21,51.08
2020-10-22,31.87
2020-10-23,101.34
2020-10-24,46.99
2020-10-25,74.78
2020-10-26,83.36
2020-10-27,47.81
2020-10-28,61.71
2020-10-29,27.79
2020-10-30,44.95
2020-10-31,34.33
2020-11-01,55.17
2020-11-02,53.53
2020-11-03,26.15
2020-11-04,27.79
2020-11-05,42.5
2020-11-06,31.87
2020-11-07,26.97
2020-11-08,36.78
2020-11-09,29.01
2020-11-10,18.8
2020-11-11,20.43
2020-11-12,70.7
2020-11-13,33.92
2020-11-14,23.7
2020-11-15,11.44
2020-11-16,13.89
2020-11-17,26.56
2020-11-18,46.18
2020-11-19,60.89
2020-11-20,38.82
2020-11-21,36.78
2020-11-22,43.32
2020-11-23,43.72
2020-11-24,39.64
2020-11-25,29.01
2020-11-26,61.3
2020-11-27,29.42
2020-11-28,51.9
2020-11-29,45.36
2020-11-30,38
2020-12-01,16.75
2020-12-02,18.39
2020-12-03,17.98
2020-12-04,62.52
2020-12-05,42.09
2020-12-06,49.85
2020-12-07,49.85
2020-12-08,50.26
2020-12-09,33.1
2020-12-10,67.02
2020-12-11,38.82
2020-12-12,25.34
2020-12-13,65.79
2020-12-14,36.78
2020-12-15,31.87
2020-12-16,24.93
2020-12-17,25.74
2020-12-18,25.34
2020-12-19,24.93
2020-12-20,22.07
2020-12-21,26.15
2020-12-22,24.52
2020-12-23,17.57
2020-12-24,14.71
2020-12-25,13.08
2020-12-26,21.66
2020-12-27,22.07
2020-12-28,24.93
2020-12-29,22.48
2020-12-30,24.11
2020-12-31,18.39
2021-01-01,31.06
2021-01-02,17.98
2021-01-03,7.76
2021-01-04,10.22
2021-01-05,8.17
2021-01-06,11.44
2021-01-07,10.62
2021-01-08,6.95
2021-01-09,6.13
2021-01-10,7.36
2021-01-11,44.54
2021-01-12,44.95
2021-01-13,31.87
2021-01-14,24.11
2021-01-15,26.56
2021-01-16,32.28
2021-01-17,26.15
2021-01-18,63.75
2021-01-19,44.95
2021-01-20,51.49
2021-01-21,43.32
2021-01-22,35.55
2021-01-23,39.23
2021-01-24,53.53
2021-01-25,11.03
2021-01-26,75.6
2021-01-27,69.88
2021-01-28,57.62
2021-01-29,55.58
2021-01-30,56.8
2021-01-31,66.2
2021-02-01,52.31
2021-02-02,49.85
2021-02-03,64.16
2021-02-04,22.07
2021-02-05,45.36
2021-02-06,52.72
2021-02-07,66.61
2021-02-08,47.4
2021-02-09,42.91
2021-02-10,71.1
2021-02-11,46.18
2021-02-12,57.62
2021-02-13,13.49
2021-02-14,7.76
2021-02-15,42.09
2021-02-16,38.82
2021-02-17,29.42
2021-02-18,50.67
2021-02-19,49.85
2021-02-20,19.61
2021-02-21,35.96
2021-02-22,35.14
2021-02-23,41.68
2021-02-24,36.37
2021-02-25,29.01
2021-02-26,36.78
2021-02-27,40.46
2021-02-28,66.2
2021-03-01,60.48
2021-03-02,72.33
2021-03-03,56.8
2021-03-04,55.17
2021-03-05,72.33
2021-03-06,65.38
2021-03-07,79.69
2021-03-08,67.84
2021-03-09,49.45
2021-03-10,57.21
2021-03-11,61.3
2021-03-12,111.97
2021-03-13,76.42
2021-03-14,122.18
2021-03-15,152.42
2021-03-16,132.81
2021-03-17,141.8
2021-03-18,138.12
2021-03-19,129.13
2021-03-20,131.58
2021-03-21,144.66
2021-03-22,91.95
2021-03-23,102.57
2021-03-24,154.06
2021-03-25,106.66
2021-03-26,85.82
2021-03-27,107.06
2021-03-28,140.57
2021-03-29,99.71
2021-03-30,99.3
2021-03-31,51.9
2021-04-01,45.36
2021-04-02,49.04
2021-04-03,42.5
2021-04-04,49.04
2021-04-05,52.72
2021-04-06,62.11
2021-04-07,60.07
2021-04-08,48.63
2021-04-09,40.05
2021-04-10,41.68
2021-04-11,43.72
2021-04-12,49.45
2021-04-13,40.46
2021-04-14,9.4
2021-04-15,4.5
2021-04-16,34.33
2021-04-17,47.81
2021-04-18,45.77
2021-04-19,46.59
2021-04-20,34.33
2021-04-21,45.36
2021-04-22,35.96
2021-04-23,41.68
2021-04-24,37.6
2021-04-25,42.5
2021-04-26,42.91
2021-04-27,51.08
2021-04-28,47.81
2021-04-29,53.12
2021-04-30,44.95
2021-05-01,41.68
2021-05-02,76.01
2021-05-03,64.97
2021-05-04,33.92
2021-05-05,4.5
2021-05-06,1.63
2021-05-07,4.5
2021-05-08,2.04
2021-05-09,3.27
2021-05-10,7.36
2021-05-11,33.1
2021-05-12,41.68
2021-05-13,65.38
2021-05-14,54.35
2021-05-15,46.99
2021-05-16,62.52
2021-05-17,45.77
2021-05-18,42.5
2021-05-19,42.5
2021-05-20,32.69
2021-05-21,28.61
2021-05-22,44.95
2021-05-23,57.21
2021-05-24,35.55
2021-05-25,39.23
2021-05-26,36.78
2021-05-27,35.14
2021-05-28,32.28
2021-05-29,35.55
2021-05-30,40.05
2021-05-31,44.54
2021-06-01,33.1
2021-06-02,32.69
2021-06-03,41.27
2021-06-04,35.55
2021-06-05,37.19
2021-06-06,47.4
2021-06-07,6.13
2021-06-08,5.31
2021-06-09,11.03
2021-06-10,0.41
2021-06-11,0.41
2021-06-12,2.04
2021-06-13,2.45
2021-06-14,4.09
2021-06-15,22.07
2021-06-16,13.08
2021-06-17,10.62
2021-06-18,20.43
2021-06-19,9.4
2021-06-20,8.58
2021-06-21,14.3
2021-06-22,11.85
2021-06-23,6.54
2021-06-24,8.17
2021-06-25,4.09
2021-06-26,2.04
2021-06-27,18.39
2021-06-28,15.94
2021-06-29,7.76
2021-06-30,8.58