date,sessions,bounces,orders,revenue
2016-05-05,22,5,0,0.00
2016-05-06,40,12,0,0.00
2016-05-07,16,6,0,0.00
2016-05-08,34,9,0,0.00
2016-05-09,62,31,2,214.00
2016-05-10,69,25,0,0.00
2016-05-11,46,25,0,0.00
2016-05-12,26,2,0,0.00
2016-05-13,15,5,0,0.00
2016-05-14,64,32,0,0.00
2016-05-15,53,34,0,0.00
2016-05-16,65,20,2,145.00
2016-05-17,37,10,0,0.00
2016-05-18,32,11,2,305.00
2016-05-19,28,9,0,0.00
2016-05-20,49,19,0,0.00
2016-05-21,48,18,0,0.00
2016-05-22,24,12,0,0.00
2016-05-23,76,32,1,23.20
2016-05-24,160,81,1,33.00
2016-05-25,122,56,0,0.00
2016-05-26,82,41,0,0.00
2016-05-27,77,28,1,41.50
2016-05-28,74,28,0,0.00
2016-05-29,91,30,3,154.70
2016-05-30,87,36,4,288.88
2016-05-31,79,28,1,115.00
2016-06-01,93,36,0,0.00
2016-06-02,92,33,2,183.00
2016-06-03,82,27,0,0.00
2016-06-04,50,27,0,0.00
2016-06-05,131,46,1,297.90
2016-06-06,142,47,0,0.00
2016-06-07,"1,044",266,8,906.69
2016-06-08,466,116,4,477.09
2016-06-09,351,107,6,729.49
2016-06-10,163,37,3,181.17
2016-06-11,125,38,0,0.00
2016-06-12,167,82,5,355.98
2016-06-13,140,43,1,40.00
2016-06-14,172,49,1,105.00
2016-06-15,120,43,2,158.10
2016-06-16,115,32,2,114.45
2016-06-17,127,38,3,257.95
2016-06-18,83,32,1,127.50
2016-06-19,86,28,1,448.88
2016-06-20,228,63,5,280.01
2016-06-21,197,90,4,139.40
2016-06-22,108,30,0,0.00
2016-06-23,84,22,6,643.50
2016-06-24,75,25,1,23.00
2016-06-25,60,20,1,127.10
2016-06-26,78,18,0,0.00
2016-06-27,94,27,1,52.50
2016-06-28,111,26,2,295.00
2016-06-29,110,49,1,26.65
2016-06-30,81,21,2,211.40
2016-07-01,55,24,0,0.00
2016-07-02,28,12,0,0.00
2016-07-03,45,14,0,0.00
2016-07-04,63,21,2,244.50
2016-07-05,61,12,4,278.95
2016-07-06,53,12,4,638.45
2016-07-07,65,19,0,0.00
2016-07-08,56,15,3,438.02
2016-07-09,53,16,3,252.05
2016-07-10,64,10,2,354.00
2016-07-11,104,27,5,524.50
2016-07-12,72,24,1,119.50
2016-07-13,109,41,5,286.95
2016-07-14,94,31,7,824.40
2016-07-15,77,17,3,338.70
2016-07-16,62,25,2,242.10
2016-07-17,69,21,2,138.90
2016-07-18,157,53,3,443.00
2016-07-19,154,67,1,174.50
2016-07-20,72,27,2,210.70
2016-07-21,79,26,1,65.00
2016-07-22,70,27,2,476.50
2016-07-23,405,171,0,0.00
2016-07-24,170,52,0,0.00
2016-07-25,169,44,4,475.80
2016-07-26,142,36,10,1593.00
2016-07-27,138,50,4,309.60
2016-07-28,85,23,3,364.10
2016-07-29,147,56,2,237.30
2016-07-30,77,25,3,460.40
2016-07-31,85,29,1,88.00
2016-08-01,120,32,5,466.90
2016-08-02,121,46,4,580.20
2016-08-03,131,39,4,685.50
2016-08-04,92,34,5,856.70
2016-08-05,24,11,3,190.85
2016-08-06,11,8,2,0.70
2016-08-07,25,12,0,0.00
2016-08-08,21,10,0,0.00
2016-08-09,19,6,0,0.00
2016-08-10,17,3,1,100.00
2016-08-11,16,7,0,0.00
2016-08-12,6,4,0,0.00
2016-08-13,14,5,1,302.00
2016-08-14,11,0,0,0.00
2016-08-15,11,1,3,393.60
2016-08-16,13,3,0,0.00
2016-08-17,14,2,2,238.75
2016-08-18,31,8,1,125.50
2016-08-19,23,2,1,115.70
2016-08-20,9,2,0,0.00
2016-08-21,11,4,0,0.00
2016-08-22,23,7,0,0.00
2016-08-23,15,7,1,59.00
2016-08-24,7,0,1,74.60
2016-08-25,13,2,2,465.30
2016-08-26,9,2,0,0.00
2016-08-27,1,0,0,0.00
2016-08-28,17,2,0,0.00
2016-08-29,18,3,1,51.40
2016-08-30,18,5,1,69.00
2016-08-31,16,6,3,313.70
2016-09-01,12,4,1,420.00
2016-09-02,11,4,1,99.50
2016-09-03,7,4,0,0.00
2016-09-04,6,3,0,0.00
2016-09-05,22,9,0,0.00
2016-09-06,13,3,1,92.00
2016-09-07,9,2,0,0.00
2016-09-08,4,1,0,0.00
2016-09-09,6,0,0,0.00
2016-09-10,7,2,0,0.00
2016-09-11,8,4,0,0.00
2016-09-12,12,6,0,0.00
2016-09-13,10,4,0,0.00
2016-09-14,11,1,0,0.00
2016-09-15,4,0,0,0.00
2016-09-16,3,0,0,0.00
2016-09-17,4,1,0,0.00
2016-09-18,8,2,1,154.00
2016-09-19,5,1,1,129.00
2016-09-20,9,4,0,0.00
2016-09-21,11,2,0,0.00
2016-09-22,3,0,1,63.00
2016-09-23,6,2,0,0.00
2016-09-24,3,0,0,0.00
2016-09-25,7,3,0,0.00
2016-09-26,1,0,0,0.00
2016-09-27,219,111,1,196.50
2016-09-28,218,95,9,536.10
2016-09-29,97,35,0,0.00
2016-09-30,89,30,0,0.00
2016-10-01,78,27,0,0.00
2016-10-02,101,22,0,0.00
2016-10-03,113,42,0,0.00
2016-10-04,94,28,0,0.00
2016-10-05,141,49,0,0.00
2016-10-06,91,30,0,0.00
2016-10-07,91,35,0,0.00
2016-10-08,116,32,0,0.00
2016-10-09,583,161,0,0.00
2016-10-10,835,325,0,0.00
2016-10-11,709,284,4,612.30
2016-10-12,344,147,6,615.30
2016-10-13,231,97,8,656.80
2016-10-14,144,45,5,562.30
2016-10-15,113,44,0,0.00
2016-10-16,183,62,6,338.00
2016-10-17,212,61,8,798.50
2016-10-18,148,54,9,976.15
2016-10-19,6,3,0,0.00
2016-10-20,282,110,8,734.60
2016-10-21,181,69,6,736.80
2016-10-22,125,56,3,947.20
2016-10-23,113,40,0,0.00
2016-10-24,173,58,9,968.36
2016-10-25,217,67,15,1349.73
2016-10-26,228,68,15,1561.50
2016-10-27,164,57,6,594.20
2016-10-28,149,60,4,658.60
2016-10-29,180,56,5,447.30
2016-10-30,256,84,7,1545.20
2016-10-31,151,58,4,663.55
2016-11-01,132,58,6,381.35
2016-11-02,143,52,6,648.80
2016-11-03,177,63,5,443.40
2016-11-04,132,40,5,1075.30
2016-11-05,162,74,4,381.70
2016-11-06,186,68,11,1731.50
2016-11-07,143,50,6,1311.50
2016-11-08,194,57,13,1395.30
2016-11-09,130,41,8,1282.40
2016-11-10,95,34,4,492.40
2016-11-11,90,41,4,241.50
2016-11-12,144,48,8,1324.10
2016-11-13,109,47,6,271.20
2016-11-14,174,66,13,1625.30
2016-11-15,173,50,13,1404.65
2016-11-16,180,66,9,1696.60
2016-11-17,157,56,8,828.40
2016-11-18,121,37,3,222.75
2016-11-19,103,40,3,573.60
2016-11-20,131,43,1,150.90
2016-11-21,245,79,8,1151.60
2016-11-22,171,52,7,1097.55
2016-11-23,145,40,6,448.50
2016-11-24,180,64,8,806.00
2016-11-25,193,61,13,823.43
2016-11-26,97,23,3,260.20
2016-11-27,126,33,3,525.40
2016-11-28,152,50,7,972.40
2016-11-29,176,46,2,199.00
2016-11-30,123,41,1,263.65
2016-12-01,128,36,1,67.00
2016-12-02,133,61,4,855.20
2016-12-03,78,25,0,0.00
2016-12-04,150,51,5,249.40
2016-12-05,132,44,8,1101.20
2016-12-06,167,59,8,629.40
2016-12-07,131,46,8,2003.10
2016-12-08,96,38,1,63.50
2016-12-09,105,36,7,894.60
2016-12-10,106,37,0,0.00
2016-12-11,136,48,4,344.80
2016-12-12,149,46,11,832.70
2016-12-13,112,38,0,0.00
2016-12-14,108,30,7,749.65
2016-12-15,114,39,8,642.95
2016-12-16,85,27,0,0.00
2016-12-17,54,22,1,24.00
2016-12-18,94,32,1,119.00
2016-12-19,136,60,5,495.70
2016-12-20,127,51,4,747.80
2016-12-21,109,36,1,103.50
2016-12-22,94,30,5,314.70
2016-12-23,72,35,2,249.75
2016-12-24,14,10,1,34.00
2016-12-25,27,9,0,0.00
2016-12-26,91,23,4,592.40
2016-12-27,176,44,12,1599.90
2016-12-28,193,58,9,1078.80
2016-12-29,269,103,11,1478.69
2016-12-30,233,111,3,690.60
2016-12-31,97,48,1,75.00
2017-01-01,137,41,0,0.00
2017-01-02,308,123,9,1039.95
2017-01-03,299,106,5,621.44
2017-01-04,207,80,6,522.20
2017-01-05,129,43,6,787.95
2017-01-06,153,48,7,937.72
2017-01-07,173,43,8,1071.40
2017-01-08,193,64,0,0.00
2017-01-09,301,116,11,1742.70
2017-01-10,324,112,15,1253.80
2017-01-11,434,173,7,751.00
2017-01-12,518,227,9,1453.10
2017-01-13,629,316,7,799.80
2017-01-14,840,404,8,754.50
2017-01-15,908,398,10,902.40
2017-01-16,950,399,27,2172.85
2017-01-17,922,389,18,1704.00
2017-01-18,771,329,17,1457.00
2017-01-19,674,286,12,1362.70
2017-01-20,564,239,7,713.50
2017-01-21,534,252,7,508.55
2017-01-22,971,364,16,1601.95
2017-01-23,893,338,14,1517.00
2017-01-24,930,403,20,1539.50
2017-01-25,794,338,14,1297.80
2017-01-26,614,249,17,1851.20
2017-01-27,693,272,14,1192.80
2017-01-28,632,255,10,1542.65
2017-01-29,751,318,13,1752.30
2017-01-30,688,268,18,1990.90
2017-01-31,529,199,20,2633.15
2017-02-01,553,211,16,1782.65
2017-02-02,464,159,16,1749.40
2017-02-03,536,191,14,1139.50
2017-02-04,491,191,10,1134.05
2017-02-05,"1,129",523,19,2327.30
2017-02-06,"1,196",501,29,3189.35
2017-02-07,"1,187",517,19,2224.60
2017-02-08,"1,262",567,28,2670.35
2017-02-09,"1,217",534,17,2012.80
2017-02-10,"1,080",507,18,1573.35
2017-02-11,631,271,13,1745.90
2017-02-12,"1,183",538,20,1830.20
2017-02-13,"1,435",674,26,3224.90
2017-02-14,"1,233",560,28,3971.90
2017-02-15,"1,513",686,22,2315.40
2017-02-16,"1,333",626,19,2072.70
2017-02-17,"1,387",624,22,2078.10
2017-02-18,"1,306",625,11,782.70
2017-02-19,"1,620",740,13,1861.05
2017-02-20,"1,306",570,33,3927.55
2017-02-21,"1,571",683,22,2022.50
2017-02-22,"1,151",494,20,1989.80
2017-02-23,936,401,16,1676.90
2017-02-24,884,413,13,1915.90
2017-02-25,804,346,14,1410.30
2017-02-26,981,438,10,1377.65
2017-02-27,897,391,22,2543.65
2017-02-28,863,359,22,2553.40
2017-03-01,"1,023",446,21,2056.50
2017-03-02,"1,216",571,32,2966.90
2017-03-03,"1,009",469,16,1603.40
2017-03-04,804,413,15,1475.60
2017-03-05,964,465,21,1889.40
2017-03-06,"1,164",475,32,3181.20
2017-03-07,962,378,24,3093.90
2017-03-08,952,398,17,2230.50
2017-03-09,933,431,16,1376.85
2017-03-10,836,381,14,956.40
2017-03-11,727,335,6,522.40
2017-03-12,989,471,8,853.00
2017-03-13,"1,053",461,29,3604.90
2017-03-14,"1,061",438,26,3613.25
2017-03-15,"1,035",441,24,3047.15
2017-03-16,953,434,15,1387.55
2017-03-17,896,446,15,1658.15
2017-03-18,903,479,9,1352.00
2017-03-19,"1,141",512,21,3013.00
2017-03-20,"1,188",503,27,2662.45
2017-03-21,"1,056",514,27,2963.20
2017-03-22,965,433,25,2665.05
2017-03-23,937,462,12,2007.10
2017-03-24,808,386,10,833.95
2017-03-25,709,402,4,730.60
2017-03-26,897,434,15,2107.45
2017-03-27,924,456,27,3099.65
2017-03-28,687,300,12,1447.60
2017-03-29,722,331,18,2708.70
2017-03-30,628,257,21,2546.05
2017-03-31,592,285,7,692.00
2017-04-01,398,176,5,720.40
2017-04-02,663,287,16,1202.75
2017-04-03,940,412,16,1920.60
2017-04-04,967,431,27,2430.70
2017-04-05,887,402,18,2063.85
2017-04-06,828,383,10,1130.30
2017-04-07,755,326,19,2441.40
2017-04-08,745,327,17,1301.15
2017-04-09,824,349,14,1457.80
2017-04-10,764,339,19,1639.10
2017-04-11,824,351,22,2222.30
2017-04-12,830,371,28,3008.70
2017-04-13,747,323,7,1226.60
2017-04-14,615,265,11,1595.70
2017-04-15,626,301,7,789.45
2017-04-16,617,297,6,610.20
2017-04-17,750,323,15,2398.20
2017-04-18,972,393,39,4646.75
2017-04-19,"1,198",504,39,5219.20
2017-04-20,923,371,21,1796.10
2017-04-21,756,284,14,1747.50
2017-04-22,745,338,14,1584.60
2017-04-23,922,369,21,2848.75
2017-04-24,947,357,36,3883.50
2017-04-25,996,365,35,5250.45
2017-04-26,813,328,25,3078.35
2017-04-27,734,287,26,3080.80
2017-04-28,694,286,13,1506.70
2017-04-29,501,209,6,391.40
2017-04-30,595,261,10,1525.00
2017-05-01,726,297,12,1259.00
2017-05-02,762,304,14,1338.20
2017-05-03,"1,554",570,18,2110.20
2017-05-04,"1,283",496,28,2718.50
2017-05-05,958,383,15,2069.00
2017-05-06,781,298,14,1108.50
2017-05-07,"1,303",558,22,3029.35
2017-05-08,"1,178",418,44,4217.40
2017-05-09,"1,096",384,48,5999.20
2017-05-10,"1,006",399,33,3803.60
2017-05-11,912,344,16,2657.20
2017-05-12,707,292,29,5250.40
2017-05-13,544,254,10,1244.00
2017-05-14,638,252,15,1732.20
2017-05-15,831,308,28,3656.90
2017-05-16,887,312,28,3674.60
2017-05-17,804,306,35,4111.20
2017-05-18,728,325,14,1870.20
2017-05-19,600,271,10,852.50
2017-05-20,478,196,1,25.00
2017-05-21,627,238,16,1817.10
2017-05-22,"1,058",418,16,1793.00
2017-05-23,913,355,19,1720.80
2017-05-24,948,373,15,2402.50
2017-05-25,859,341,15,2422.50
2017-05-26,620,265,6,546.70
2017-05-27,535,32,5,897.80
2017-05-28,619,24,12,1814.80
2017-05-29,"1,171",23,29,3194.60
2017-05-30,"1,155",18,23,2762.80
2017-05-31,966,15,21,1902.30
2017-06-01,824,13,11,887.50
2017-06-02,677,14,9,922.50
2017-06-03,558,10,4,1363.00
2017-06-04,"1,199",21,14,2176.10
2017-06-05,"1,077",23,38,4617.00
2017-06-06,"1,131",22,23,3055.20
2017-06-07,961,11,23,2513.20
2017-06-08,800,9,16,2039.30
2017-06-09,649,8,12,1824.60
2017-06-10,650,18,12,1259.40
2017-06-11,791,16,11,1063.50
2017-06-12,"1,071",20,20,2174.10
2017-06-13,"1,095",17,16,1707.70
2017-06-14,678,12,14,1446.40
2017-06-15,664,16,5,410.60
2017-06-16,709,11,8,1152.50
2017-06-17,729,15,13,1264.00
2017-06-18,773,14,10,1429.80
2017-06-19,923,14,14,2142.00
2017-06-20,874,16,25,2903.40
2017-06-21,770,12,8,914.00
2017-06-22,722,15,10,1605.10
2017-06-23,641,9,5,547.00
2017-06-24,546,13,5,431.40
2017-06-25,775,15,9,1217.50
2017-06-26,968,14,12,1293.00
2017-06-27,827,16,10,1027.40
2017-06-28,823,13,14,1854.10
2017-06-29,894,12,10,1276.40
2017-06-30,575,9,6,642.40
2017-07-01,610,12,4,482.00
2017-07-02,983,11,3,230.60
2017-07-03,"1,042",22,19,3621.20
2017-07-04,"1,027",11,21,2301.30
2017-07-05,"1,020",11,19,1926.50
2017-07-06,844,16,9,857.60
2017-07-07,667,12,13,1125.20
2017-07-08,561,6,9,863.90
2017-07-09,769,4,6,485.20
2017-07-10,"1,058",17,18,1824.00
2017-07-11,"1,164",17,40,4882.70
2017-07-12,"1,031",23,35,3450.60
2017-07-13,972,22,20,2412.90
2017-07-14,756,9,22,2346.00
2017-07-15,651,15,12,1450.80
2017-07-16,792,14,11,1018.40
2017-07-17,"1,046",23,38,4814.50
2017-07-18,"1,040",21,25,2689.40
2017-07-19,913,16,37,4002.20
2017-07-20,813,12,26,3919.30
2017-07-21,719,14,16,2132.80
2017-07-22,608,10,20,2546.50
2017-07-23,882,11,28,3500.10
2017-07-24,"1,120",24,50,5414.90
2017-07-25,"1,043",21,27,3424.60
2017-07-26,929,21,47,4714.70
2017-07-27,779,26,36,4286.80
2017-07-28,927,24,31,4237.60
2017-07-29,392,10,7,1067.60
2017-07-30,306,1,3,345.00
2017-07-31,498,11,3,390.20
2017-08-01,487,21,2,129.00
2017-08-02,504,25,7,696.30
2017-08-03,446,14,3,470.10
2017-08-04,412,16,5,1051.90
2017-08-05,284,5,2,206.00
2017-08-06,424,7,7,783.60
2017-08-07,607,23,12,1894.00
2017-08-08,561,16,8,868.20
2017-08-09,516,16,6,739.00
2017-08-10,419,15,11,1293.90
2017-08-11,435,9,3,297.00
2017-08-12,357,5,9,1109.20
2017-08-13,424,4,7,973.80
2017-08-14,488,7,22,2296.10
2017-08-15,445,6,16,2315.80
2017-08-16,722,13,25,2528.30
2017-08-17,986,11,20,3034.40
2017-08-18,563,5,14,2640.60
2017-08-19,450,7,11,924.60
2017-08-20,742,12,21,2934.80
2017-08-21,"1,222",23,56,6841.70
2017-08-22,"1,019",23,41,4512.10
2017-08-23,847,12,42,5020.30
2017-08-24,732,11,17,1646.10
2017-08-25,625,10,19,2116.80
2017-08-26,467,8,13,1289.00
2017-08-27,706,10,21,2867.30
2017-08-28,950,10,48,5810.20
2017-08-29,834,10,42,4923.50
2017-08-30,815,5,31,3896.10
2017-08-31,724,8,25,2481.50
2017-09-01,777,12,20,1798.90
2017-09-02,594,6,17,1454.00
2017-09-03,772,8,27,3132.90
2017-09-04,911,9,45,5012.80
2017-09-05,897,12,36,3507.10
2017-09-06,"1,106",18,25,2490.80
2017-09-07,947,8,13,1132.70
2017-09-08,625,9,15,1199.50
2017-09-09,507,10,10,969.00
2017-09-10,743,11,11,681.60
2017-09-11,882,6,20,1640.80
2017-09-12,"1,319",14,20,2499.70
2017-09-13,887,13,17,1136.00
2017-09-14,836,17,7,585.40
2017-09-15,630,11,4,523.00
2017-09-16,433,8,2,137.40
2017-09-17,663,16,12,812.00
2017-09-18,661,5,13,1337.60
2017-09-19,688,12,15,941.20
2017-09-20,604,13,22,1950.50
2017-09-21,728,11,30,3418.40
2017-09-22,606,12,15,1730.60
2017-09-23,407,3,14,2008.00
2017-09-24,607,10,17,2001.60
2017-09-25,897,6,27,2555.70
2017-09-26,821,5,39,4857.20
2017-09-27,671,13,34,4093.80
2017-09-28,563,9,25,2809.90
2017-09-29,418,2,14,1783.40
2017-09-30,410,5,13,2114.50
2017-10-01,787,9,15,2148.00
2017-10-02,"1,012",7,28,3478.60
2017-10-03,922,18,49,5598.80
2017-10-04,735,11,49,4836.30
2017-10-05,678,12,27,2988.10
2017-10-06,919,18,16,1501.70
2017-10-07,599,17,13,1649.00
2017-10-08,866,12,33,3548.90
2017-10-09,887,13,39,4436.80
2017-10-10,819,9,44,4613.70
2017-10-11,"1,000",16,46,4368.80
2017-10-12,934,10,37,4253.20
2017-10-13,598,8,18,1848.00
2017-10-14,470,10,15,1299.60
2017-10-15,679,17,26,4099.80
2017-10-16,743,7,38,4344.50
2017-10-17,761,23,52,5835.10
2017-10-18,743,15,51,6048.10
2017-10-19,608,5,36,4830.50
2017-10-20,546,10,28,3807.70
2017-10-21,538,14,11,996.00
2017-10-22,747,10,17,1936.10
2017-10-23,964,13,43,5049.90
2017-10-24,815,8,52,5300.80
2017-10-25,803,13,36,3526.40
2017-10-26,664,4,35,3417.20
2017-10-27,624,7,16,1206.70
2017-10-28,513,7,17,1535.60
2017-10-29,776,9,23,2780.60
2017-10-30,709,5,34,4098.40
2017-10-31,494,12,21,2724.60
2017-11-01,627,12,28,2921.20
2017-11-02,735,12,31,3370.40
2017-11-03,618,2,17,1802.80
2017-11-04,506,9,19,1962.20
2017-11-05,687,8,21,2505.60
2017-11-06,770,5,48,4774.90
2017-11-07,772,11,34,3985.10
2017-11-08,757,17,33,4174.30
2017-11-09,617,17,13,1419.00
2017-11-10,540,7,17,1796.00
2017-11-11,539,13,17,2528.50
2017-11-12,759,23,26,3594.90
2017-11-13,875,21,42,4773.20
2017-11-14,763,12,27,4651.90
2017-11-15,800,16,20,2388.30
2017-11-16,808,20,28,3281.00
2017-11-17,578,13,9,1037.00
2017-11-18,505,9,17,2022.00
2017-11-19,572,16,16,2015.70
2017-11-20,669,10,35,4399.80
2017-11-21,633,12,26,3383.80
2017-11-22,580,13,31,3883.30
2017-11-23,490,5,20,2605.10
2017-11-24,467,6,15,1853.40
2017-11-25,331,8,10,937.10
2017-11-26,519,10,19,3142.30
2017-11-27,539,11,33,3388.40
2017-11-28,550,17,33,4395.30
2017-11-29,526,11,24,2810.50
2017-11-30,530,23,25,3372.80
2017-12-01,455,12,20,2167.40
2017-12-02,380,7,11,1055.40
2017-12-03,478,12,16,2325.00
2017-12-04,548,6,31,3297.30
2017-12-05,525,6,35,3573.80
2017-12-06,392,13,25,2827.90
2017-12-07,398,7,9,1135.74
2017-12-08,418,11,17,2155.55
2017-12-09,304,6,11,1640.05
2017-12-10,455,6,23,3236.65
2017-12-11,551,15,23,2542.80
2017-12-12,492,12,38,3807.37
2017-12-13,432,13,28,3406.70
2017-12-14,324,6,22,2923.05
2017-12-15,329,6,13,1906.90
2017-12-16,237,5,10,716.35
2017-12-17,347,6,28,3036.75
2017-12-18,473,7,36,4770.57
2017-12-19,343,6,17,1956.75
2017-12-20,343,3,25,2753.50
2017-12-21,238,2,18,2154.80
2017-12-22,180,5,8,1117.50
2017-12-23,135,4,4,338.70
2017-12-24,89,0,0,0.00
2017-12-25,207,5,1,30.00
2017-12-26,316,8,8,1571.95
2017-12-27,476,4,18,2327.30
2017-12-28,511,7,14,1821.40
2017-12-29,459,11,11,1042.20
2017-12-30,460,8,12,1923.80
2017-12-31,288,5,8,531.00
2018-01-01,810,20,24,2414.55
2018-01-02,"1,215",19,57,7205.77
2018-01-03,"1,026",23,44,4411.30
2018-01-04,910,15,29,3606.50
2018-01-05,718,5,22,1783.60
2018-01-06,815,19,23,3801.60
2018-01-07,946,17,30,3206.75
2018-01-08,993,7,40,4376.90
2018-01-09,869,14,34,3101.35
2018-01-10,937,15,54,6028.62
2018-01-11,826,11,45,5303.19
2018-01-12,669,10,19,1859.70
2018-01-13,649,11,23,2224.90
2018-01-14,806,11,29,3215.80
2018-01-15,"1,017",12,64,7110.37
2018-01-16,867,7,52,5670.30
2018-01-17,821,8,34,3790.60
2018-01-18,685,12,29,4006.28
2018-01-19,759,10,18,1768.40
2018-01-20,570,9,11,1331.40
2018-01-21,826,11,26,2861.90
2018-01-22,"1,161",27,43,4454.63
2018-01-23,818,13,29,3630.56
2018-01-24,779,15,38,4887.90
2018-01-25,658,12,19,1824.65
2018-01-26,628,3,23,2471.20
2018-01-27,467,14,10,1193.00
2018-01-28,640,21,28,3909.40
2018-01-29,785,16,30,3474.70
2018-01-30,748,17,42,4813.00
2018-01-31,732,23,42,4395.40
2018-02-01,858,26,27,3060.90
2018-02-02,587,12,16,2051.90
2018-02-03,507,9,14,1428.87
2018-02-04,822,16,18,1961.00
2018-02-05,912,14,42,4285.55
2018-02-06,"1,012",20,43,4422.20
2018-02-07,692,18,29,3790.67
2018-02-08,583,7,33,3201.65
2018-02-09,514,8,28,3565.80
2018-02-10,461,13,10,859.00
2018-02-11,723,17,24,4103.40
2018-02-12,738,21,36,3185.85
2018-02-13,706,24,33,4860.65
2018-02-14,572,12,28,3300.50
2018-02-15,618,16,27,3816.55
2018-02-16,679,17,16,1660.85
2018-02-17,562,21,14,1391.10
2018-02-18,733,14,28,3365.20
2018-02-19,828,21,36,4889.50
2018-02-20,744,35,38,4001.60
2018-02-21,726,17,33,4465.90
2018-02-22,629,25,19,1877.92
2018-02-23,518,19,15,1633.90
2018-02-24,462,12,13,1636.02
2018-02-25,696,17,19,2250.64
2018-02-26,796,19,46,4658.62
2018-02-27,906,18,40,4284.70
2018-02-28,759,19,35,4956.75
2018-03-01,684,23,20,2379.60
2018-03-02,587,27,19,2129.15
2018-03-03,500,29,5,461.75
2018-03-04,670,18,26,2697.79
2018-03-05,776,19,45,5322.15
2018-03-06,755,21,35,3618.95
2018-03-07,729,16,29,3118.10
2018-03-08,539,8,13,1108.70
2018-03-09,472,6,10,1061.00
2018-03-10,474,3,15,1700.59
2018-03-11,669,7,28,2297.90
2018-03-12,779,12,47,5672.55
2018-03-13,668,28,34,3927.40
2018-03-14,689,9,30,4364.49
2018-03-15,577,12,24,2428.37
2018-03-16,535,12,12,1468.95
2018-03-17,466,10,10,933.90
2018-03-18,736,14,27,3487.37
2018-03-19,813,23,36,5249.30
2018-03-20,789,18,34,3963.60
2018-03-21,670,10,32,3483.72
2018-03-22,706,18,26,3237.73
2018-03-23,608,13,17,1788.50
2018-03-24,532,13,14,1667.35
2018-03-25,564,18,19,2154.00
2018-03-26,744,11,31,4117.35
2018-03-27,781,15,31,3298.47
2018-03-28,612,10,31,3125.10
2018-03-29,394,13,7,771.75
2018-03-30,287,7,12,1738.70
2018-03-31,212,2,10,1191.82
2018-04-01,236,3,3,815.00
2018-04-02,461,8,23,2507.95
2018-04-03,687,14,40,5752.10
2018-04-04,534,13,33,2995.40
2018-04-05,505,11,26,2828.50
2018-04-06,445,5,13,1632.61
2018-04-07,310,5,10,1306.50
2018-04-08,533,18,23,2881.91
2018-04-09,628,10,39,4606.43
2018-04-10,609,10,45,4434.58
2018-04-11,578,13,34,3598.12
2018-04-12,502,3,20,2758.65
2018-04-13,452,4,17,1525.69
2018-04-14,286,4,10,1086.34
2018-04-15,450,11,19,2210.18
2018-04-16,705,11,38,3866.15
2018-04-17,684,11,30,2989.61
2018-04-18,821,15,37,4502.80
2018-04-19,667,10,18,1484.45
2018-04-20,578,7,14,1554.80
2018-04-21,476,10,12,1788.40
2018-04-22,698,14,21,2012.50
2018-04-23,903,14,41,5829.60
2018-04-24,773,10,42,4535.68
2018-04-25,629,20,32,3483.88
2018-04-26,623,27,25,2468.25
2018-04-27,464,7,14,2210.74
2018-04-28,325,9,14,1650.10
2018-04-29,393,8,15,1803.70
2018-04-30,425,15,16,2174.24
2018-05-01,530,13,11,1738.74
2018-05-02,662,12,27,2970.70
2018-05-03,578,10,13,1273.60
2018-05-04,848,20,15,1790.10
2018-05-05,685,17,12,1324.05
2018-05-06,761,18,19,1488.15
2018-05-07,938,23,37,5110.95
2018-05-08,947,13,50,7076.39
2018-05-09,884,20,33,4495.59
2018-05-10,776,12,29,2975.70
2018-05-11,673,8,26,3119.50
2018-05-12,460,13,14,1445.20
2018-05-13,639,9,17,2286.85
2018-05-14,949,13,48,5618.95
2018-05-15,892,20,39,4848.80
2018-05-16,924,22,39,4275.60
2018-05-17,769,17,28,2883.60
2018-05-18,686,12,15,2187.75
2018-05-19,403,12,10,942.70
2018-05-20,594,14,15,1918.70
2018-05-21,784,11,20,2537.80
2018-05-22,896,16,31,4044.05
2018-05-23,810,30,39,6207.30
2018-05-24,689,12,35,3709.60
2018-05-25,559,17,21,2218.75
2018-05-26,446,12,13,1798.50
2018-05-27,670,11,20,1981.95
2018-05-28,847,16,36,2865.20
2018-05-29,721,14,23,2835.00
2018-05-30,535,19,22,2160.75
2018-05-31,476,15,9,1069.20
2018-06-01,568,11,15,1917.50
2018-06-02,500,12,8,1514.80
2018-06-03,829,55,23,2080.15
2018-06-04,"1,024",18,32,3701.85
2018-06-05,"1,242",22,44,6703.15
2018-06-06,"1,009",30,33,4096.06
2018-06-07,"1,068",8,22,2696.70
2018-06-08,835,15,18,3098.25
2018-06-09,526,13,12,1406.60
2018-06-10,742,15,28,3633.50
2018-06-11,"1,046",16,49,5528.50
2018-06-12,978,22,41,4318.05
2018-06-13,896,15,34,5355.55
2018-06-14,799,13,31,3456.50
2018-06-15,677,6,16,2321.45
2018-06-16,527,14,10,1106.80
2018-06-17,747,20,17,1735.00
2018-06-18,"1,085",22,35,3316.85
2018-06-19,932,9,54,5966.90
2018-06-20,857,7,34,4044.80
2018-06-21,769,11,21,2442.75
2018-06-22,627,8,14,1735.20
2018-06-23,472,10,6,715.90
2018-06-24,726,15,16,1925.50
2018-06-25,914,14,27,3112.20
2018-06-26,994,7,43,4149.45
2018-06-27,778,10,28,3208.65
2018-06-28,667,8,21,2480.60
2018-06-29,681,12,21,2433.80
2018-06-30,508,8,7,915.20
2018-07-01,714,18,15,1492.20
2018-07-02,"1,040",20,30,3054.45
2018-07-03,"1,136",19,35,4203.80
2018-07-04,876,17,22,2575.10
2018-07-05,791,12,30,4104.30
2018-07-06,842,19,14,2371.75
2018-07-07,618,11,10,1103.00
2018-07-08,736,17,23,2492.75
2018-07-09,963,16,38,4086.25
2018-07-10,"1,020",13,42,4943.70
2018-07-11,951,19,34,2980.00
2018-07-12,"1,052",10,34,2488.45
2018-07-13,919,7,11,1272.80
2018-07-14,645,7,15,1521.75
2018-07-15,810,15,16,2093.25
2018-07-16,"1,003",16,29,3030.30
2018-07-17,"1,083",15,45,4828.65
2018-07-18,967,15,36,3595.65
2018-07-19,832,8,19,2309.00
2018-07-20,698,9,21,2863.30
2018-07-21,456,8,7,1246.00
2018-07-22,671,15,22,2040.00
2018-07-23,905,8,31,2972.70
2018-07-24,855,17,41,4728.30
2018-07-25,838,5,29,3414.70
2018-07-26,770,8,32,3490.40
2018-07-27,655,10,11,1438.80
2018-07-28,460,12,18,2009.00
2018-07-29,673,4,15,1580.80
2018-07-30,925,20,37,4622.90
2018-07-31,808,13,40,4426.60
2018-08-01,764,13,34,4151.25
2018-08-02,641,18,22,2659.30
2018-08-03,644,8,18,2322.30
2018-08-04,450,7,11,1390.00
2018-08-05,679,9,21,3543.55
2018-08-06,"1,004",15,47,6344.55
2018-08-07,809,9,37,3777.40
2018-08-08,787,8,32,4009.50
2018-08-09,780,15,23,2999.35
2018-08-10,697,10,25,2841.60
2018-08-11,521,14,13,1612.60
2018-08-12,609,8,19,2160.30
2018-08-13,826,10,42,4024.20
2018-08-14,777,15,22,1692.40
2018-08-15,680,14,21,3182.85
2018-08-16,710,11,18,1878.20
2018-08-17,603,8,19,2095.80
2018-08-18,418,7,9,1338.10
2018-08-19,594,7,27,3162.55
2018-08-20,845,7,33,3957.00
2018-08-21,881,14,36,3636.00
2018-08-22,864,11,31,3238.00
2018-08-23,738,11,29,3130.10
2018-08-24,650,14,10,1254.40
2018-08-25,465,12,12,2280.70
2018-08-26,623,8,14,1763.50
2018-08-27,827,8,29,2515.35
2018-08-28,871,14,33,4190.75
2018-08-29,751,12,20,2316.90
2018-08-30,720,11,28,2887.45
2018-08-31,619,6,13,1766.60
2018-09-01,520,2,8,1241.50
2018-09-02,564,8,13,2413.40
2018-09-03,767,12,42,4477.25
2018-09-04,750,5,32,3579.10
2018-09-05,727,7,26,2622.15
2018-09-06,721,16,16,1776.80
2018-09-07,697,5,18,2038.00
2018-09-08,429,4,5,691.00
2018-09-09,704,13,21,3143.35
2018-09-10,873,10,40,4104.75
2018-09-11,894,13,37,5151.20
2018-09-12,770,14,48,5637.00
2018-09-13,703,9,20,2564.55
2018-09-14,648,9,22,2196.90
2018-09-15,485,8,13,1516.70
2018-09-16,611,6,16,1306.00
2018-09-17,849,4,21,1652.90
2018-09-18,783,10,28,2774.20
2018-09-19,620,9,16,1412.60
2018-09-20,595,10,29,2420.65
2018-09-21,552,9,11,1201.60
2018-09-22,456,11,9,930.80
2018-09-23,690,13,13,1965.20
2018-09-24,764,8,27,2845.50
2018-09-25,664,4,25,3077.30
2018-09-26,598,8,19,2291.00
2018-09-27,633,8,13,1609.70
2018-09-28,527,7,13,1481.60
2018-09-29,410,7,7,459.75
2018-09-30,405,17,8,1889.90
2018-10-01,613,5,21,2329.90
2018-10-02,657,10,36,4717.85
2018-10-03,620,6,27,3003.45
2018-10-04,663,11,15,2098.70
2018-10-05,536,10,18,2372.55
2018-10-06,422,4,18,2041.45
2018-10-07,540,9,14,2251.45
2018-10-08,688,4,39,5819.15
2018-10-09,650,9,24,2528.75
2018-10-10,621,2,33,3376.45
2018-10-11,559,2,21,1735.30
2018-10-12,440,8,15,2023.50
2018-10-13,335,7,6,774.00
2018-10-14,540,9,13,1179.00
2018-10-15,758,6,31,3999.05
2018-10-16,723,7,25,2873.40
2018-10-17,648,6,24,2480.55
2018-10-18,582,2,16,1878.40
2018-10-19,537,6,12,1474.90
2018-10-20,459,4,16,2005.75
2018-10-21,541,11,19,1673.50
2018-10-22,788,12,24,2735.10
2018-10-23,771,8,30,3576.25
2018-10-24,713,4,25,3014.94
2018-10-25,730,8,23,4785.00
2018-10-26,640,10,8,860.70
2018-10-27,442,3,12,1452.50
2018-10-28,566,5,15,1953.26
2018-10-29,744,7,29,3423.55
2018-10-30,570,8,14,1471.65
2018-10-31,479,3,14,2037.20
2018-11-01,416,6,7,455.00
2018-11-02,506,4,17,2380.60
2018-11-03,495,2,16,2316.20
2018-11-04,590,9,11,1402.65
2018-11-05,626,7,20,2315.00
2018-11-06,586,3,30,2216.70
2018-11-07,686,4,19,2307.40
2018-11-08,591,5,18,1970.15
2018-11-09,446,7,13,1323.00
2018-11-10,390,1,12,1577.50
2018-11-11,429,5,14,1654.60
2018-11-12,512,7,27,3193.65
2018-11-13,551,2,17,1604.50
2018-11-14,490,4,25,2602.25
2018-11-15,990,14,11,959.60
2018-11-16,506,3,16,1163.00
2018-11-17,344,4,7,981.55
2018-11-18,583,3,12,1402.00
2018-11-19,673,4,33,4166.48
2018-11-20,604,6,18,1565.00
2018-11-21,510,3,24,2024.83
2018-11-22,538,6,12,1242.82
2018-11-23,418,8,23,2001.54
2018-11-24,355,2,11,1268.55
2018-11-25,337,0,15,1984.93
2018-11-26,454,4,27,2854.60
2018-11-27,462,2,19,1564.55
2018-11-28,437,14,11,1401.00
2018-11-29,397,9,14,1312.18
2018-11-30,341,8,6,669.60
2018-12-01,357,7,9,1180.60
2018-12-02,434,2,9,881.58
2018-12-03,507,5,28,4467.45
2018-12-04,503,9,20,1994.45
2018-12-05,494,7,21,2123.90
2018-12-06,385,5,25,2933.25
2018-12-07,365,7,18,1230.70
2018-12-08,237,2,11,841.60
2018-12-09,411,6,16,1757.30
2018-12-10,402,4,19,2256.00
2018-12-11,404,7,25,2257.80
2018-12-12,385,5,26,2114.50
2018-12-13,352,3,18,2465.10
2018-12-14,379,6,6,630.40
2018-12-15,263,4,12,1555.00
2018-12-16,283,1,11,1413.50
2018-12-17,402,4,19,1875.10
2018-12-18,329,7,15,1919.45
2018-12-19,292,0,14,1270.20
2018-12-20,293,6,5,683.10
2018-12-21,239,1,10,1024.95
2018-12-22,175,4,8,769.60
2018-12-23,137,1,3,393.20
2018-12-24,100,1,1,48.20
2018-12-25,130,2,1,124.75
2018-12-26,272,3,5,516.75
2018-12-27,518,7,26,2284.10
2018-12-28,586,7,21,2080.04
2018-12-29,408,6,21,2469.03
2018-12-30,457,7,12,1654.12
2018-12-31,269,2,13,1888.07
2019-01-01,435,6,8,1332.35
2019-01-02,614,10,11,706.81
2019-01-03,574,10,13,1021.79
2019-01-04,503,16,8,1314.29
2019-01-05,435,4,13,1005.47
2019-01-06,555,8,19,1467.30
2019-01-07,684,5,29,3038.40
2019-01-08,630,4,18,1647.60
2019-01-09,668,10,23,2176.00
2019-01-10,589,6,13,1219.80
2019-01-11,514,3,6,984.80
2019-01-12,422,8,10,1088.00
2019-01-13,542,3,21,2989.90
2019-01-14,627,3,22,2049.15
2019-01-15,615,4,27,3331.50
2019-01-16,808,9,20,2073.70
2019-01-17,913,12,28,2533.30
2019-01-18,716,10,4,334.00
2019-01-19,619,15,12,1387.80
2019-01-20,769,11,7,1013.50
2019-01-21,945,13,17,1424.55
2019-01-22,828,6,20,1988.80
2019-01-23,872,3,21,2596.95
2019-01-24,842,11,19,1942.95
2019-01-25,736,8,19,2041.20
2019-01-26,616,14,11,1013.70
2019-01-27,699,5,20,2873.30
2019-01-28,842,17,23,2460.15
2019-01-29,816,13,30,3124.75
2019-01-30,766,13,35,4388.06
2019-01-31,656,15,13,2115.30
2019-02-01,691,8,13,1889.60
2019-02-02,671,3,11,1234.00
2019-02-03,734,7,12,981.85
2019-02-04,893,5,36,2751.90
2019-02-05,773,9,24,3113.14
2019-02-06,745,1,28,3360.50
2019-02-07,787,7,19,2057.50
2019-02-08,676,9,26,3268.90
2019-02-09,513,1,12,958.10
2019-02-10,705,5,17,2301.69
2019-02-11,764,8,23,2329.15
2019-02-12,826,11,47,4031.30
2019-02-13,733,9,23,2337.95
2019-02-14,640,3,27,2986.70
2019-02-15,554,3,17,1373.14
2019-02-16,387,1,15,1786.70
2019-02-17,477,7,11,1534.02
2019-02-18,870,1,39,3658.40
2019-02-19,738,6,32,3954.38
2019-02-20,571,2,23,2355.35
2019-02-21,559,6,16,1733.33
2019-02-22,456,2,11,1332.85
2019-02-23,414,5,10,930.85
2019-02-24,568,7,22,2775.22
2019-02-25,626,7,22,3039.10
2019-02-26,595,5,28,3538.65
2019-02-27,522,5,26,2965.55
2019-02-28,482,5,11,1439.80
2019-03-01,484,4,24,2162.04
2019-03-02,478,12,15,2404.05
2019-03-03,641,7,23,2645.40
2019-03-04,639,4,28,2822.40
2019-03-05,646,2,47,4324.12
2019-03-06,764,8,29,3355.90
2019-03-07,593,8,15,1190.95
2019-03-08,449,5,12,1113.85
2019-03-09,449,8,7,716.50
2019-03-10,650,11,21,2781.70
2019-03-11,640,2,25,2787.80
2019-03-12,645,3,20,1843.04
2019-03-13,609,4,27,2417.05
2019-03-14,506,4,27,2837.70
2019-03-15,531,5,17,2251.10
2019-03-16,431,3,10,1707.47
2019-03-17,549,7,24,3091.55
2019-03-18,593,1,28,2447.80
2019-03-19,670,10,29,3750.00
2019-03-20,616,18,28,2951.00
2019-03-21,538,1,21,2037.69
2019-03-22,411,6,8,646.90
2019-03-23,372,3,10,1054.00
2019-03-24,385,10,13,2085.70
2019-03-25,678,3,19,1973.65
2019-03-26,656,9,28,2649.85
2019-03-27,619,12,25,2402.10
2019-03-28,521,12,21,1961.25
2019-03-29,456,11,26,2884.85
2019-03-30,337,2,7,738.70
2019-03-31,364,10,14,1598.50
2019-04-01,504,10,36,4421.60
2019-04-02,567,6,41,3313.35
2019-04-03,637,14,33,3586.32
2019-04-04,555,4,15,1393.40
2019-04-05,533,6,11,1319.40
2019-04-06,432,6,12,1183.25
2019-04-07,474,15,16,1850.20
2019-04-08,537,3,23,3521.40
2019-04-09,589,6,23,3617.15
2019-04-10,543,2,24,2770.30
2019-04-11,449,2,12,935.50
2019-04-12,528,7,24,2579.75
2019-04-13,442,4,15,1991.50
2019-04-14,394,9,11,1036.30
2019-04-15,461,2,19,2395.20
2019-04-16,376,2,18,1894.20
2019-04-17,314,2,17,1471.90
2019-04-18,320,7,10,965.70
2019-04-19,289,9,5,742.00
2019-04-20,163,0,3,656.00
2019-04-21,141,0,2,317.20
2019-04-22,299,4,9,809.90
2019-04-23,563,10,27,3362.15
2019-04-24,603,5,29,3671.50
2019-04-25,476,5,30,4041.00
2019-04-26,402,10,3,311.60
2019-04-27,326,5,4,387.03
2019-04-28,394,4,10,1422.70
2019-04-29,447,5,17,1664.00
2019-04-30,340,5,9,678.50
2019-05-01,328,1,13,1585.84
2019-05-02,326,7,12,1057.97
2019-05-03,423,2,17,1899.46
2019-05-04,369,4,13,1725.10
2019-05-05,492,13,28,3966.55
2019-05-06,601,6,24,3190.55
2019-05-07,632,4,28,3777.40
2019-05-08,649,10,26,2617.50
2019-05-09,586,9,17,1498.50
2019-05-10,460,3,19,2873.40
2019-05-11,362,3,3,344.20
2019-05-12,545,4,21,2155.90
2019-05-13,611,7,20,2799.20
2019-05-14,683,6,32,4641.20
2019-05-15,585,6,32,3759.90
2019-05-16,524,4,19,2103.80
2019-05-17,436,3,18,1985.90
2019-05-18,281,2,7,534.20
2019-05-19,444,5,12,1143.20
2019-05-20,587,7,24,2159.30
2019-05-21,735,7,38,4727.60
2019-05-22,580,4,21,2680.55
2019-05-23,570,5,11,1176.90
2019-05-24,494,4,8,711.60
2019-05-25,414,5,6,747.80
2019-05-26,454,5,13,1481.44
2019-05-27,511,5,13,1170.45
2019-05-28,619,5,21,3058.35
2019-05-29,720,3,20,2651.20
2019-05-30,500,5,12,1384.75
2019-05-31,525,8,15,1456.13
2019-06-01,341,2,8,1044.44
2019-06-02,323,15,12,1220.00
2019-06-03,443,4,15,1808.60
2019-06-04,514,6,33,4343.15
2019-06-05,402,4,21,2337.60
2019-06-06,472,7,19,1674.80
2019-06-07,374,0,13,1101.30
2019-06-08,302,5,5,868.20
2019-06-09,311,3,13,2313.65
2019-06-10,498,1,23,2821.00
2019-06-11,458,4,28,3456.95
2019-06-12,427,2,30,2734.00
2019-06-13,377,6,21,2475.40
2019-06-14,324,2,11,1241.50
2019-06-15,221,0,8,975.40
2019-06-16,294,2,13,1915.90
2019-06-17,410,6,22,2113.30
2019-06-18,471,8,21,2065.80
2019-06-19,353,2,14,1135.30
2019-06-20,296,3,3,1370.80
2019-06-21,303,2,8,1450.60
2019-06-22,202,2,4,336.90
2019-06-23,258,4,9,993.20
2019-06-24,420,3,18,1890.90
2019-06-25,398,3,15,2004.00
2019-06-26,347,0,23,3233.75
2019-06-27,399,2,14,1749.00
2019-06-28,584,12,14,1580.40
2019-06-29,358,2,6,552.40
2019-06-30,314,4,20,2277.27
2019-07-01,472,3,16,2266.20
2019-07-02,500,5,30,3056.50
2019-07-03,513,4,15,1910.50
2019-07-04,478,2,14,1677.35
2019-07-05,376,5,11,1826.68
2019-07-06,246,1,2,308.00
2019-07-07,318,3,3,358.00
2019-07-08,436,5,9,1731.30
2019-07-09,416,8,13,1589.45
2019-07-10,387,4,9,829.10
2019-07-11,365,1,5,793.96
2019-07-12,321,4,9,1445.10
2019-07-13,252,3,12,2121.30
2019-07-14,318,6,9,1161.30
2019-07-15,469,7,13,2425.30
2019-07-16,463,6,19,2487.00
2019-07-17,378,4,13,1512.00
2019-07-18,368,3,8,706.75
2019-07-19,294,6,12,1124.90
2019-07-20,227,4,9,1277.60
2019-07-21,311,5,10,1023.00
2019-07-22,461,4,19,1799.90
2019-07-23,488,3,18,1921.50
2019-07-24,364,0,13,1805.25
2019-07-25,368,61,14,1638.30
2019-07-26,330,146,3,196.00
2019-07-27,319,162,1,78.00
2019-07-28,504,192,9,2167.00
2019-07-29,892,364,22,2320.30
2019-07-30,603,237,18,1638.20
2019-07-31,389,160,11,1595.50
2019-08-01,471,189,13,1689.00
2019-08-02,366,157,13,932.00
2019-08-03,322,158,1,138.00
2019-08-04,314,133,3,504.45
2019-08-05,358,164,1,90.00
2019-08-06,412,194,7,840.40
2019-08-07,356,171,4,544.00
2019-08-08,420,199,7,994.00
2019-08-09,347,162,7,854.45
2019-08-10,373,146,5,891.51
2019-08-11,390,172,7,855.75
2019-08-12,381,146,9,1472.06
2019-08-13,401,170,9,1047.98
2019-08-14,332,152,2,362.22
2019-08-15,254,126,4,484.63
2019-08-16,389,155,6,666.17
2019-08-17,588,313,8,893.73
2019-08-18,665,333,4,707.31
2019-08-19,471,221,14,1756.12
2019-08-20,440,200,12,1320.70
2019-08-21,417,195,11,1786.56
2019-08-22,324,145,6,626.09
2019-08-23,432,216,6,1016.20
2019-08-24,281,147,3,318.48
2019-08-25,313,141,6,769.92
2019-08-26,483,230,12,1036.83
2019-08-27,378,157,11,1828.63
2019-08-28,322,123,13,1838.83
2019-08-29,352,143,8,780.44
2019-08-30,338,147,4,584.57
2019-08-31,233,108,6,692.40
2019-09-01,268,131,9,939.58
2019-09-02,351,145,6,505.18
2019-09-03,377,153,11,783.44
2019-09-04,321,128,11,1424.22
2019-09-05,308,144,9,921.47
2019-09-06,248,116,8,866.51
2019-09-07,205,95,6,830.42
2019-09-08,268,115,5,861.60
2019-09-09,366,165,8,811.86
2019-09-10,443,175,13,1358.11
2019-09-11,366,154,10,829.42
2019-09-12,396,174,5,847.29
2019-09-13,459,175,4,343.52
2019-09-14,262,117,3,707.63
2019-09-15,354,148,8,1501.48
2019-09-16,363,149,6,714.27
2019-09-17,391,163,9,1086.26
2019-09-18,381,182,7,607.92
2019-09-19,343,162,3,363.84
2019-09-20,306,137,10,701.25
2019-09-21,197,88,2,425.83
2019-09-22,258,118,6,960.43
2019-09-23,366,173,6,668.00
2019-09-24,372,147,8,1158.15
2019-09-25,451,195,3,269.30
2019-09-26,377,159,9,1339.70
2019-09-27,323,134,5,442.83
2019-09-28,252,114,0,0.00
2019-09-29,291,132,7,498.40
2019-09-30,460,202,8,866.54
2019-10-01,420,172,7,823.17
2019-10-02,681,357,13,1512.48
2019-10-03,538,250,12,861.89
2019-10-04,186,84,3,455.44
2019-10-05,362,147,5,829.22
2019-10-06,369,158,8,1122.20
2019-10-07,430,176,7,1020.90
2019-10-08,516,210,13,1220.81
2019-10-09,474,202,18,2640.21
2019-10-10,403,177,9,1055.70
2019-10-11,348,149,8,474.91
2019-10-12,276,108,3,443.86
2019-10-13,358,141,1,342.95
2019-10-14,411,166,8,663.30
2019-10-15,514,207,14,1275.83
2019-10-16,454,187,9,1084.91
2019-10-17,408,168,6,587.16
2019-10-18,352,157,8,1080.33
2019-10-19,258,129,3,310.26
2019-10-20,329,143,5,529.78
2019-10-21,513,235,12,1990.87
2019-10-22,489,202,17,2050.68
2019-10-23,493,207,7,1030.98
2019-10-24,458,210,7,652.94
2019-10-25,377,165,7,928.32
2019-10-26,294,142,5,878.66
2019-10-27,325,148,5,932.11
2019-10-28,587,211,14,1474.25
2019-10-29,464,190,9,1564.70
2019-10-30,387,190,8,487.67
2019-10-31,314,150,6,807.16
2019-11-01,246,118,7,447.18
2019-11-02,327,144,3,844.22
2019-11-03,379,160,2,230.89
2019-11-04,518,216,10,1010.40
2019-11-05,508,215,13,1827.83
2019-11-06,553,246,9,1068.32
2019-11-07,404,172,10,1006.18
2019-11-08,391,176,8,1942.63
2019-11-09,367,170,8,1009.86
2019-11-10,325,156,0,0.00
2019-11-11,482,234,7,1266.26
2019-11-12,514,219,19,1993.76
2019-11-13,533,242,16,1874.24
2019-11-14,451,218,8,769.71
2019-11-15,416,206,8,597.36
2019-11-16,396,188,7,1047.47
2019-11-17,409,208,3,252.73
2019-11-18,477,211,11,1258.08
2019-11-19,415,169,11,1363.73
2019-11-20,400,195,12,1115.72
2019-11-21,337,143,6,540.47
2019-11-22,322,134,6,633.15
2019-11-23,243,131,2,361.81
2019-11-24,322,135,6,650.26
2019-11-25,460,213,11,1362.71
2019-11-26,524,220,11,1844.53
2019-11-27,349,161,4,548.49
2019-11-28,289,144,5,139.38
2019-11-29,314,159,6,823.29
2019-11-30,232,129,2,143.42
2019-12-01,300,166,5,602.18
2019-12-02,507,227,9,1103.89
2019-12-03,464,258,8,741.53
2019-12-04,402,221,8,1268.14
2019-12-05,406,206,9,698.91
2019-12-06,332,151,2,111.44
2019-12-07,281,156,2,141.98
2019-12-08,287,142,12,1217.05
2019-12-09,396,204,12,1543.06
2019-12-10,443,195,5,666.35
2019-12-11,367,163,11,1021.56
2019-12-12,329,137,11,1496.44
2019-12-13,328,146,7,808.82
2019-12-14,290,136,4,153.87
2019-12-15,311,147,7,598.70
2019-12-16,499,263,10,1232.78
2019-12-17,380,186,13,2663.25
2019-12-18,327,165,5,396.19
2019-12-19,280,119,7,1074.82
2019-12-20,248,110,6,543.45
2019-12-21,181,90,5,785.60
2019-12-22,167,86,1,143.49
2019-12-23,218,95,6,692.45
2019-12-24,105,59,2,71.85
2019-12-25,158,84,2,91.93
2019-12-26,231,88,1,495.83
2019-12-27,413,149,6,1510.08
2019-12-28,337,126,6,796.38
2019-12-29,384,145,3,169.95
2019-12-30,431,184,16,2479.63
2019-12-31,257,131,4,475.36
2020-01-01,391,150,2,298.80
2020-01-02,581,265,10,1417.91
2020-01-03,583,223,7,1127.51
2020-01-04,561,256,7,548.81
2020-01-05,538,200,9,1269.22
2020-01-06,785,287,18,1582.97
2020-01-07,815,348,12,1611.58
2020-01-08,725,285,16,1374.68
2020-01-09,604,261,18,2026.19
2020-01-10,501,202,5,831.29
2020-01-11,473,202,7,867.57
2020-01-12,513,205,13,1277.08
2020-01-13,613,241,20,2796.60
2020-01-14,616,267,17,2236.84
2020-01-15,567,220,17,2358.95
2020-01-16,479,198,9,1343.80
2020-01-17,427,179,11,1547.59
2020-01-18,375,151,5,462.66
2020-01-19,454,180,11,1378.86
2020-01-20,519,200,9,835.56
2020-01-21,543,217,12,1489.93
2020-01-22,420,179,13,2024.58
2020-01-23,426,182,7,874.15
2020-01-24,349,142,3,1035.47
2020-01-25,382,163,3,159.22
2020-01-26,422,181,6,999.35
2020-01-27,590,238,19,2506.66
2020-01-28,630,261,18,2284.12
2020-01-29,455,203,5,441.45
2020-01-30,422,166,13,2259.80
2020-01-31,380,170,10,1488.11
2020-02-01,388,166,4,363.21
2020-02-02,501,196,4,934.49
2020-02-03,541,212,19,2089.21
2020-02-04,612,236,16,2192.43
2020-02-05,520,225,12,1829.74
2020-02-06,509,199,13,2473.31
2020-02-07,399,191,5,876.87
2020-02-08,376,186,4,592.20
2020-02-09,503,204,7,617.57
2020-02-10,561,243,10,1108.95
2020-02-11,518,214,20,2803.02
2020-02-12,550,208,5,298.24
2020-02-13,407,188,3,399.62
2020-02-14,373,191,5,644.16
2020-02-15,317,158,2,373.70
2020-02-16,425,190,12,1913.32
2020-02-17,499,209,8,971.40
2020-02-18,469,187,14,1638.89
2020-02-19,478,183,15,1926.65
2020-02-20,357,150,9,1049.63
2020-02-21,398,184,7,639.12
2020-02-22,368,161,10,1750.08
2020-02-23,380,141,5,566.68
2020-02-24,482,220,12,1845.01
2020-02-25,400,167,10,1025.04
2020-02-26,423,192,17,2492.90
2020-02-27,438,186,5,806.01
2020-02-28,403,197,4,362.45
2020-02-29,314,132,2,383.12
2020-03-01,498,185,13,1734.64
2020-03-02,520,221,14,1790.00
2020-03-03,485,196,12,1562.66
2020-03-04,412,179,8,646.36
2020-03-05,384,178,5,915.57
2020-03-06,341,140,5,648.08
2020-03-07,325,142,5,663.04
2020-03-08,302,127,3,357.14
2020-03-09,421,161,9,1062.92
2020-03-10,340,141,10,1278.92
2020-03-11,224,99,3,240.01
2020-03-12,161,78,5,416.07
2020-03-13,154,82,4,450.24
2020-03-14,116,50,2,274.29
2020-03-15,207,106,2,316.26
2020-03-16,213,100,3,562.02
2020-03-17,172,80,7,856.78
2020-03-18,178,84,6,693.44
2020-03-19,223,107,3,500.14
2020-03-20,244,122,6,474.81
2020-03-21,227,112,5,579.16
2020-03-22,304,145,6,620.36
2020-03-23,337,157,4,399.80
2020-03-24,368,176,13,1985.67
2020-03-25,356,153,15,2055.18
2020-03-26,292,137,8,1259.71
2020-03-27,193,91,8,559.33
2020-03-28,191,81,6,489.19
2020-03-29,260,110,14,1741.13
2020-03-30,361,177,12,1026.03
2020-03-31,260,119,13,1632.29
2020-04-01,270,117,3,486.31
2020-04-02,206,90,6,834.15
2020-04-03,204,94,2,173.04
2020-04-04,211,87,5,1317.61
2020-04-05,264,114,4,273.83
2020-04-06,223,82,7,1104.33
2020-04-07,193,85,5,405.85
2020-04-08,192,78,6,540.76
2020-04-09,167,78,2,328.88
2020-04-10,159,66,6,790.02
2020-04-11,115,54,0,0.00
2020-04-12,168,69,0,0.00
2020-04-13,410,203,6,1245.51
2020-04-14,789,407,11,1490.93
2020-04-15,644,355,8,1312.04
2020-04-16,644,335,7,1058.42
2020-04-17,382,185,5,819.59
2020-04-18,288,140,10,1389.73
2020-04-19,303,127,9,1927.98
2020-04-20,596,312,10,1221.56
2020-04-21,595,291,12,1610.34
2020-04-22,544,291,10,1380.76
2020-04-23,535,273,7,1300.41
2020-04-24,586,330,5,866.69
2020-04-25,551,269,4,579.58
2020-04-26,574,288,7,971.47
2020-04-27,631,311,12,2245.33
2020-04-28,475,233,10,1242.58
2020-04-29,657,323,7,665.61
2020-04-30,484,244,5,470.80
2020-05-01,493,253,5,595.44
2020-05-02,486,236,7,1204.33
2020-05-03,871,407,7,1382.67
2020-05-04,678,297,17,2830.61
2020-05-05,588,262,15,2562.21
2020-05-06,678,290,8,1017.78
2020-05-07,505,209,8,1117.82
2020-05-08,446,188,11,2391.23
2020-05-09,364,159,9,1836.87
2020-05-10,503,187,3,480.05
2020-05-11,604,240,13,2056.20
2020-05-12,632,253,13,1838.41
2020-05-13,622,254,15,2420.18
2020-05-14,724,317,8,1281.65
2020-05-15,488,217,8,867.04
2020-05-16,475,217,4,496.54
2020-05-17,523,216,4,674.99
2020-05-18,792,362,14,1482.98
2020-05-19,631,293,10,887.10
2020-05-20,524,263,7,627.78
2020-05-21,554,286,5,851.25
2020-05-22,493,244,4,652.56
2020-05-23,397,200,3,572.32
2020-05-24,615,282,13,2009.54
2020-05-25,605,276,8,1942.42
2020-05-26,514,225,19,2342.56
2020-05-27,540,260,8,1049.25
2020-05-28,533,248,7,974.33
2020-05-29,467,227,10,1781.22
2020-05-30,432,185,1,60.31
2020-05-31,534,268,5,510.03
2020-06-01,462,217,11,1221.15
2020-06-02,534,238,7,840.10
2020-06-03,572,215,9,1123.38
2020-06-04,522,213,9,1401.66
2020-06-05,535,235,13,1978.03
2020-06-06,420,192,4,500.18
2020-06-07,525,199,7,1082.82
2020-06-08,703,329,13,1606.61
2020-06-09,629,282,11,1254.88
2020-06-10,523,244,5,436.52
2020-06-11,413,207,3,366.25
2020-06-12,408,201,6,1171.80
2020-06-13,317,140,3,144.93
2020-06-14,496,205,5,552.95
2020-06-15,585,252,15,3057.97
2020-06-16,604,258,11,2453.58
2020-06-17,466,190,7,702.65
2020-06-18,462,203,7,702.64
2020-06-19,460,224,5,1055.22
2020-06-20,383,174,3,628.70
2020-06-21,495,215,11,1287.03
2020-06-22,627,290,13,2655.63
2020-06-23,552,221,25,4142.58
2020-06-24,450,177,4,713.95
2020-06-25,385,184,9,1672.70
2020-06-26,369,169,7,971.64
2020-06-27,349,146,2,250.93
2020-06-28,378,178,4,620.26
2020-06-29,637,241,19,3055.84
2020-06-30,594,250,21,4283.20
2020-07-01,521,225,13,1530.48
2020-07-02,605,276,13,1882.73
2020-07-03,515,241,5,1237.10
2020-07-04,453,213,6,2158.35
2020-07-05,548,224,8,1043.99
2020-07-06,681,280,17,2356.34
2020-07-07,589,228,12,2201.76
2020-07-08,661,280,12,2336.35
2020-07-09,570,253,10,1861.67
2020-07-10,498,227,11,1822.98
2020-07-11,446,201,6,1186.91
2020-07-12,506,212,8,1178.02
2020-07-13,768,323,20,3758.89
2020-07-14,755,325,17,2484.51
2020-07-15,629,277,15,1608.91
2020-07-16,536,223,15,2241.79
2020-07-17,581,252,5,1013.38
2020-07-18,452,188,5,1997.36
2020-07-19,523,227,9,2478.69
2020-07-20,746,314,18,3232.18
2020-07-21,754,324,29,4610.12
2020-07-22,563,242,8,1575.83
2020-07-23,523,232,4,1029.27
2020-07-24,416,198,6,799.90
2020-07-25,383,188,9,1255.05
2020-07-26,549,245,7,1177.94
2020-07-27,606,268,15,2304.59
2020-07-28,654,298,13,1827.41
2020-07-29,576,236,8,1449.00
2020-07-30,467,227,7,968.01
2020-07-31,441,212,3,245.34
2020-08-01,339,149,6,621.46
2020-08-02,511,240,4,535.25
2020-08-03,391,181,11,1391.63
2020-08-04,635,284,11,1575.25
2020-08-05,695,348,7,1417.04
2020-08-06,698,326,7,1965.59
2020-08-07,522,285,6,1484.50
2020-08-08,331,168,3,317.50
2020-08-09,438,224,4,591.00
2020-08-10,541,260,14,2226.77
2020-08-11,732,369,8,1210.48
2020-08-12,486,220,4,912.80
2020-08-13,319,165,4,583.70
2020-08-14,319,157,7,1875.40
2020-08-15,249,125,1,184.00
2020-08-16,442,186,8,2219.10
2020-08-17,498,220,10,1196.80
2020-08-18,464,192,9,1245.80
2020-08-19,391,142,14,1623.00
2020-08-20,281,126,4,270.30
2020-08-21,275,117,2,456.80
2020-08-22,270,122,0,0.00
2020-08-23,376,126,4,682.70
2020-08-24,404,178,6,694.70
2020-08-25,330,141,9,1807.50
2020-08-26,289,108,6,1076.00
2020-08-27,333,168,2,97.80
2020-08-28,362,184,0,0.00
2020-08-29,448,214,1,239.90
2020-08-30,616,315,9,1203.30
2020-08-31,560,246,9,950.20
2020-09-01,380,156,6,604.00
2020-09-02,401,170,4,644.00
2020-09-03,380,184,0,0.00
2020-09-04,232,119,5,486.50
2020-09-05,270,130,0,0.00
2020-09-06,291,114,3,393.00
2020-09-07,279,115,9,810.00
2020-09-08,297,119,11,1374.80
2020-09-09,464,216,7,1220.05
2020-09-10,303,141,5,867.99
2020-09-11,224,115,2,545.00
2020-09-12,248,135,2,362.00
2020-09-13,440,162,7,1312.40
2020-09-14,302,136,7,1768.00
2020-09-15,309,137,5,918.00
2020-09-16,231,103,2,276.00
2020-09-17,231,115,2,326.70
2020-09-18,329,170,0,0.00
2020-09-19,167,70,3,452.00
2020-09-20,335,178,3,624.70
2020-09-21,397,201,7,1056.60
2020-09-22,310,155,1,96.60
2020-09-23,316,151,2,279.00
2020-09-24,254,111,4,962.80
2020-09-25,244,107,3,499.00
2020-09-26,206,94,0,0.00
2020-09-27,267,118,4,706.60
2020-09-28,320,151,5,616.90
2020-09-29,253,110,0,0.00
2020-09-30,358,165,5,1422.43
2020-10-01,215,101,7,706.60
2020-10-02,182,108,3,548.05
2020-10-03,158,76,0,0.00
2020-10-04,263,122,3,585.00
2020-10-05,298,164,3,462.00
2020-10-06,327,163,0,0.00
2020-10-07,366,166,7,1518.88
2020-10-08,286,141,3,250.00
2020-10-09,331,183,3,608.60
2020-10-10,153,87,1,267.00
2020-10-11,318,140,4,587.55
2020-10-12,355,136,10,2044.40
2020-10-13,413,231,1,84.00
2020-10-14,255,113,2,472.00
2020-10-15,303,153,5,1311.35
2020-10-16,358,183,8,1374.50
2020-10-17,280,123,4,475.75
2020-10-18,284,114,3,496.00
2020-10-19,343,173,7,1456.95
2020-10-20,460,256,2,197.00
2020-10-21,265,137,0,0.00
2020-10-22,300,152,3,383.00
2020-10-23,395,192,3,466.10
2020-10-24,204,95,3,435.00
2020-10-25,300,151,3,428.40
2020-10-26,333,160,5,929.95
2020-10-27,225,107,3,271.70
2020-10-28,254,137,3,343.50
2020-10-29,195,97,3,331.80
2020-10-30,229,133,7,1216.05
2020-10-31,164,80,1,181.15
2020-11-01,254,115,4,614.55
2020-11-02,244,121,3,378.65
2020-11-03,199,93,6,1050.70
2020-11-04,164,75,0,0.00
2020-11-05,214,101,3,583.70
2020-11-06,166,70,3,531.90
2020-11-07,158,85,1,152.95
2020-11-08,202,97,3,622.50
2020-11-09,198,95,6,1037.70
2020-11-10,150,68,1,65.00
2020-11-11,160,79,2,148.00
2020-11-12,384,181,7,1616.00
2020-11-13,237,107,3,402.60
2020-11-14,191,95,1,174.80
2020-11-15,182,91,3,280.55
2020-11-16,168,82,3,366.80
2020-11-17,168,67,0,0.00
2020-11-18,229,108,5,1247.90
2020-11-19,244,120,3,424.00
2020-11-20,213,92,4,541.30
2020-11-21,184,72,1,907.40
2020-11-22,252,136,6,623.95
2020-11-23,305,156,4,361.45
2020-11-24,246,119,2,379.00
2020-11-25,185,95,2,190.00
2020-11-26,301,143,7,1394.90
2020-11-27,269,127,9,1616.95
2020-11-28,238,125,2,394.54
2020-11-29,266,123,4,457.50
2020-11-30,263,125,9,2034.88
2020-12-01,170,103,1,52.00
2020-12-02,152,77,0,0.00
2020-12-03,397,231,3,241.80
2020-12-04,376,235,2,472.40
2020-12-05,227,129,3,295.25
2020-12-06,258,153,0,0.00
2020-12-07,314,181,3,259.50
2020-12-08,280,154,7,1169.30
2020-12-09,253,141,5,516.90
2020-12-10,268,156,3,452.40
2020-12-11,212,125,3,225.30
2020-12-12,174,91,2,291.20
2020-12-13,279,140,3,662.95
2020-12-14,269,136,12,1313.20
2020-12-15,208,102,3,437.30
2020-12-16,217,102,6,591.72
2020-12-17,179,98,1,125.90
2020-12-18,155,83,2,283.50
2020-12-19,120,66,2,281.10
2020-12-20,127,63,3,631.00
2020-12-21,150,83,2,150.60
2020-12-22,116,61,0,0.00
2020-12-23,79,45,2,190.85
2020-12-24,53,32,0,0.00
2020-12-25,68,35,0,0.00
2020-12-26,114,58,1,78.00
2020-12-27,183,82,3,477.20
2020-12-28,208,96,2,167.00
2020-12-29,178,89,1,796.00
2020-12-30,164,81,1,86.00
2020-12-31,111,64,1,26.00
2021-01-01,155,72,2,220.00
2021-01-02,168,86,1,138.00
2021-01-03,155,80,3,201.00
2021-01-04,189,85,3,324.00
2021-01-05,169,86,2,180.00
2021-01-06,153,68,0,0.00
2021-01-07,195,97,1,308.00
2021-01-08,133,66,6,492.20
2021-01-09,167,74,1,324.00
2021-01-10,209,83,4,319.00
2021-01-11,266,138,1,94.00
2021-01-12,279,124,5,695.20
2021-01-13,230,106,4,880.40
2021-01-14,184,85,1,164.00
2021-01-15,169,99,1,88.00
2021-01-16,174,95,1,75.00
2021-01-17,193,97,5,387.60
2021-01-18,264,144,3,453.90
2021-01-19,270,108,6,973.20
2021-01-20,289,134,3,742.80
2021-01-21,231,104,2,457.20
2021-01-22,210,115,0,0.00
2021-01-23,172,70,1,496.70
2021-01-24,274,144,3,423.90
2021-01-25,231,121,2,361.00
2021-01-26,323,176,3,540.00
2021-01-27,326,164,3,356.00
2021-01-28,251,140,1,71.00
2021-01-29,267,151,1,509.00
2021-01-30,245,125,3,519.50
2021-01-31,"5,310","5,145",4,318.50
2021-02-01,277,132,1,148.00
2021-02-02,297,143,6,2522.15
2021-02-03,361,158,3,388.55
2021-02-04,243,122,3,550.00
2021-02-05,283,133,5,1420.90
2021-02-06,274,138,2,207.20
2021-02-07,322,155,4,838.75
2021-02-08,316,166,3,490.10
2021-02-09,279,132,5,671.05
2021-02-10,332,197,3,190.95
2021-02-11,199,95,5,1804.50
2021-02-12,253,129,3,265.50
2021-02-13,122,69,1,205.00
2021-02-14,180,111,2,193.95
2021-02-15,248,141,4,759.90
2021-02-16,277,135,3,393.00
2021-02-17,208,96,4,814.25
2021-02-18,255,138,2,365.20
2021-02-19,226,107,2,182.75
2021-02-20,154,79,2,741.10
2021-02-21,224,119,4,295.80
2021-02-22,235,119,2,177.00
2021-02-23,247,124,3,726.70
2021-02-24,208,96,2,940.75
2021-02-25,176,77,5,368.75
2021-02-26,201,100,1,285.50
2021-02-27,201,92,1,128.00
2021-02-28,325,143,5,647.50
2021-03-01,306,166,4,1163.95
2021-03-02,341,163,2,328.65
2021-03-03,289,144,2,124.05
2021-03-04,287,147,4,527.85
2021-03-05,327,166,4,1185.30
2021-03-06,274,151,5,738.35
2021-03-07,357,183,4,542.00
2021-03-08,319,153,4,626.15
2021-03-09,285,130,5,542.30
2021-03-10,278,129,8,1720.70
2021-03-11,278,147,5,381.00
2021-03-12,406,232,5,587.10
2021-03-13,306,162,1,43.00
2021-03-14,449,229,7,1201.60
2021-03-15,532,326,7,1447.20
2021-03-16,467,237,8,1747.60
2021-03-17,505,288,3,955.50
2021-03-18,435,264,6,516.10
2021-03-19,426,268,4,324.00
2021-03-20,414,247,3,253.00
2021-03-21,468,298,2,298.00
2021-03-22,345,197,4,556.00
2021-03-23,378,244,2,145.00
2021-03-24,838,334,2,229.00
2021-03-25,355,236,0,0.00
2021-03-26,293,193,3,342.30
2021-03-27,347,244,0,0.00
2021-03-28,487,313,3,430.00
2021-03-29,375,233,3,282.60
2021-03-30,368,241,3,710.50
2021-03-31,213,129,2,558.10
2021-04-01,183,108,1,120.00
2021-04-02,172,103,2,249.00
2021-04-03,143,85,0,0.00
2021-04-04,172,107,0,0.00
2021-04-05,216,113,0,0.00
2021-04-06,276,147,0,0.00
2021-04-07,275,134,4,1026.10
2021-04-08,217,112,1,128.00
2021-04-09,195,111,0,0.00
2021-04-10,178,91,0,0.00
2021-04-11,216,110,2,176.00
2021-04-12,279,143,6,708.00
2021-04-13,216,107,1,57.00
2021-04-14,166,91,1,49.10
2021-04-15,144,88,3,686.10
2021-04-16,181,111,1,107.40
2021-04-17,221,110,1,87.00
2021-04-18,249,124,2,1393.20
2021-04-19,254,130,3,931.70
2021-04-20,191,100,3,373.80
2021-04-21,244,125,2,168.00
2021-04-22,536,81,1,42.00
2021-04-23,205,107,3,280.70
2021-04-24,175,92,0,0.00
2021-04-25,255,126,1,163.80
2021-04-26,261,130,3,527.00
2021-04-27,248,131,3,475.00
2021-04-28,231,119,5,539.00
2021-04-29,229,116,1,203.00
2021-04-30,191,109,2,503.00
2021-05-01,170,88,1,156.00
2021-05-02,296,153,2,299.70
2021-05-03,322,152,1,57.00
2021-05-04,216,108,1,140.00
2021-05-05,173,90,2,204.00
2021-05-06,145,92,1,367.00
2021-05-07,133,75,2,547.00
2021-05-08,106,60,0,0.00
2021-05-09,145,64,0,0.00
2021-05-10,171,91,0,0.00
2021-05-11,199,107,1,70.00
2021-05-12,219,108,4,831.60
2021-05-13,289,146,1,372.30
2021-05-14,233,134,3,464.90
2021-05-15,178,109,0,0.00
2021-05-16,271,135,3,618.00
2021-05-17,300,165,1,844.00
2021-05-18,277,148,1,210.00
2021-05-19,223,120,3,461.00
2021-05-20,182,105,1,50.00
2021-05-21,189,86,1,37.00
2021-05-22,241,116,0,0.00
2021-05-23,272,130,1,42.00
2021-05-24,205,93,0,0.00
2021-05-25,272,139,3,662.00
2021-05-26,165,87,1,222.00
2021-05-27,169,92,2,211.00
2021-05-28,168,98,0,0.00
2021-05-29,144,79,0,0.00
2021-05-30,176,99,0,0.00
2021-05-31,191,111,1,119.00
2021-06-01,152,87,2,470.00
2021-06-02,129,67,0,0.00
2021-06-03,137,74,1,168.00
2021-06-04,133,78,1,50.00
2021-06-05,128,60,3,316.00
2021-06-06,183,99,0,0.00
2021-06-07,113,76,3,260.00
2021-06-08,122,71,4,326.00
2021-06-09,132,89,4,583.30
2021-06-10,60,36,2,207.00
2021-06-11,74,44,1,54.00
2021-06-12,119,61,0,0.00
2021-06-13,167,82,1,285.00
2021-06-14,144,80,0,0.00
2021-06-15,217,100,6,985.00
2021-06-16,137,74,0,0.00
2021-06-17,132,66,0,0.00
2021-06-18,122,64,3,383.00
2021-06-19,101,46,0,0.00
2021-06-20,127,49,0,0.00
2021-06-21,328,106,0,0.00
2021-06-22,193,73,0,0.00
2021-06-23,130,59,0,0.00
2021-06-24,171,76,0,0.00
2021-06-25,97,40,0,0.00
2021-06-26,77,21,0,0.00
2021-06-27,181,75,0,0.00
2021-06-28,191,78,0,0.00
2021-06-29,134,61,0,0.00
2021-06-30,152,44,0,0.00