data,impressions,clicks,cost
2016-05-05,8,0,0.00
2016-05-06,91,4,3.12
2016-05-07,93,2,1.28
2016-05-08,105,1,0.34
2016-05-09,264,6,2.85
2016-05-10,1169,35,16.14
2016-05-11,1250,16,7.21
2016-05-12,1604,36,20.49
2016-05-13,1511,34,20.79
2016-05-14,1333,17,10.38
2016-05-15,1663,37,22.25
2016-05-16,1806,40,25.47
2016-05-17,2118,54,31.79
2016-05-18,2792,67,39.62
2016-05-19,2304,42,25.88
2016-05-20,2036,48,25.55
2016-05-21,1450,34,20.85
2016-05-22,1937,20,11.57
2016-05-23,2671,47,30.36
2016-05-24,2619,53,32.90
2016-05-25,2213,45,25.26
2016-05-26,2091,45,26.50
2016-05-27,2673,59,35.46
2016-05-28,2545,45,28.76
2016-05-29,2624,48,32.69
2016-05-30,2772,77,51.04
2016-05-31,3299,75,46.59
2016-06-01,3157,65,42.11
2016-06-02,2675,64,42.78
2016-06-03,2270,53,31.94
2016-06-04,2021,40,25.67
2016-06-05,2838,76,44.83
2016-06-06,3026,78,52.94
2016-06-07,2679,89,59.30
2016-06-08,4214,86,54.57
2016-06-09,3163,78,48.95
2016-06-10,3362,55,34.66
2016-06-11,2241,54,34.50
2016-06-12,2654,68,41.80
2016-06-13,3582,91,53.19
2016-06-14,3243,90,51.67
2016-06-15,3320,92,53.54
2016-06-16,3221,55,33.81
2016-06-17,3314,71,42.85
2016-06-18,2129,45,28.05
2016-06-19,3027,67,40.26
2016-06-20,3808,86,57.02
2016-06-21,3995,86,56.72
2016-06-22,3387,78,53.40
2016-06-23,3183,70,45.61
2016-06-24,2377,46,30.57
2016-06-25,1648,32,22.80
2016-06-26,2793,66,39.50
2016-06-27,3975,101,65.74
2016-06-28,3766,77,52.12
2016-06-29,3616,93,57.52
2016-06-30,2744,63,40.21
2016-07-01,2639,60,40.07
2016-07-02,2019,56,38.94
2016-07-03,3286,75,51.52
2016-07-04,3141,90,59.53
2016-07-05,3826,91,62.81
2016-07-06,3451,94,61.13
2016-07-07,3490,80,51.42
2016-07-08,2962,69,42.73
2016-07-09,2783,70,42.07
2016-07-10,2897,71,46.93
2016-07-11,2834,89,58.08
2016-07-12,4142,95,60.43
2016-07-13,3622,97,59.32
2016-07-14,3578,87,50.22
2016-07-15,3470,99,59.81
2016-07-16,2640,67,31.73
2016-07-17,2771,90,53.01
2016-07-18,4167,111,65.15
2016-07-19,70,3,1.39
2016-07-20,55,1,0.72
2016-07-21,3126,85,52.42
2016-07-22,3397,91,55.75
2016-07-23,2618,63,40.90
2016-07-24,3472,89,56.58
2016-07-25,3802,100,64.09
2016-07-26,3910,99,61.38
2016-07-27,3543,101,59.94
2016-07-28,3761,94,56.86
2016-07-29,4027,92,57.04
2016-07-30,2611,74,43.58
2016-07-31,3292,78,41.14
2016-08-01,3269,97,58.25
2016-08-02,3360,96,59.07
2016-08-03,2814,88,60.93
2016-08-04,3658,93,55.85
2016-08-05,3646,83,54.11
2016-08-06,3300,68,43.59
2016-08-07,3267,81,49.09
2016-08-08,3628,75,50.18
2016-08-09,2982,80,54.36
2016-08-10,2869,82,57.45
2016-08-11,4026,81,51.98
2016-08-12,1947,50,31.77
2016-08-13,489,13,9.15
2016-08-14,2709,80,53.87
2016-08-15,2787,83,56.79
2016-08-16,4189,98,62.98
2016-08-17,3793,84,54.78
2016-08-18,3994,87,57.84
2016-08-19,3556,82,55.75
2016-08-20,2917,75,49.36
2016-08-21,3007,97,62.63
2016-08-22,3022,87,63.00
2016-08-23,3146,90,62.54
2016-08-24,3906,81,50.70
2016-08-25,3580,79,42.72
2016-08-26,2459,64,40.56
2016-08-27,2657,68,37.38
2016-08-28,3069,77,41.52
2016-08-29,2869,66,41.52
2016-08-30,3396,72,41.29
2016-08-31,2931,67,39.95
2016-09-01,3336,67,37.96
2016-09-02,3137,69,35.41
2016-09-03,2710,74,41.43
2016-09-04,3020,72,40.94
2016-09-05,2859,68,41.11
2016-09-06,3664,71,43.38
2016-09-07,2282,63,42.23
2016-09-08,1724,35,21.07
2016-09-09,1878,38,20.36
2016-09-10,1316,33,19.99
2016-09-11,1289,33,20.03
2016-09-12,1504,37,21.42
2016-09-13,1775,36,21.72
2016-09-14,1463,37,20.90
2016-09-15,1994,36,20.25
2016-09-16,1368,33,20.09
2016-09-17,1490,38,20.79
2016-09-18,1514,33,20.11
2016-09-19,1244,37,20.76
2016-09-20,1521,32,20.20
2016-09-21,1833,37,20.00
2016-09-22,2259,35,19.94
2016-09-23,1594,33,20.41
2016-09-24,1468,29,18.85
2016-09-25,1599,30,18.93
2016-09-26,1925,35,20.27
2016-09-27,4,0,0.00
2016-09-28,0,0,0.00
2016-09-29,3,1,0.43
2016-09-30,1226,33,23.79
2016-10-01,292,10,8.30
2016-10-02,292,10,8.30
2016-10-03,292,10,8.30
2016-10-04,292,10,8.30
2016-10-05,292,10,8.30
2016-10-06,292,10,8.30
2016-10-07,292,10,8.30
2016-10-08,292,10,8.30
2016-10-09,1931,4,1.65
2016-10-10,10310,68,26.72
2016-10-11,10864,60,34.61
2016-10-12,17129,70,34.61
2016-10-13,17009,72,35.82
2016-10-14,19369,61,34.92
2016-10-15,17066,86,35.21
2016-10-16,13608,86,42.34
2016-10-17,16826,69,35.47
2016-10-18,14610,57,28.32
2016-10-19,8830,91,55.56
2016-10-20,16531,105,54.69
2016-10-21,12239,60,35.22
2016-10-22,10541,42,20.71
2016-10-23,4179,24,17.17
2016-10-24,7162,29,18.30
2016-10-25,5107,39,25.18
2016-10-26,7324,30,14.73
2016-10-27,4710,25,12.89
2016-10-28,6501,35,14.68
2016-10-29,5480,28,11.25
2016-10-30,5892,28,11.77
2016-10-31,5673,33,17.38
2016-11-01,5208,37,17.33
2016-11-02,6704,39,18.43
2016-11-03,6560,37,16.54
2016-11-04,7506,29,13.13
2016-11-05,6120,26,15.33
2016-11-06,7785,33,14.17
2016-11-07,7374,31,12.19
2016-11-08,6470,26,11.74
2016-11-09,6250,21,7.99
2016-11-10,4287,15,6.88
2016-11-11,4414,21,11.99
2016-11-12,4123,29,11.12
2016-11-13,5543,28,12.77
2016-11-14,5403,31,12.05
2016-11-15,4657,24,8.98
2016-11-16,4832,22,8.05
2016-11-17,5090,36,16.07
2016-11-18,4785,35,11.97
2016-11-19,4504,25,10.09
2016-11-20,5076,35,14.74
2016-11-21,5151,39,15.71
2016-11-22,5038,52,21.35
2016-11-23,6034,49,19.17
2016-11-24,4730,39,16.19
2016-11-25,4002,30,13.85
2016-11-26,4079,20,10.49
2016-11-27,4788,46,22.40
2016-11-28,5740,44,26.21
2016-11-29,6039,52,25.55
2016-11-30,6244,52,23.96
2016-12-01,6797,51,23.26
2016-12-02,6204,45,23.16
2016-12-03,5254,33,14.20
2016-12-04,5486,37,18.82
2016-12-05,15331,51,25.48
2016-12-06,34503,153,54.76
2016-12-07,29645,196,44.13
2016-12-08,27935,182,40.73
2016-12-09,9005,64,23.18
2016-12-10,3324,33,17.91
2016-12-11,6237,54,29.35
2016-12-12,6227,51,26.68
2016-12-13,4393,41,23.09
2016-12-14,4772,37,19.85
2016-12-15,4201,50,27.93
2016-12-16,4060,38,19.20
2016-12-17,3744,20,11.94
2016-12-18,4682,42,26.95
2016-12-19,4904,28,13.89
2016-12-20,4283,33,18.98
2016-12-21,3433,26,14.04
2016-12-22,2494,21,12.48
2016-12-23,2623,17,12.89
2016-12-24,1841,7,4.30
2016-12-25,2809,21,12.15
2016-12-26,3271,34,19.74
2016-12-27,4570,43,24.69
2016-12-28,4061,45,29.17
2016-12-29,4020,42,23.19
2016-12-30,4785,52,25.96
2016-12-31,3564,30,14.78
2017-01-01,5371,50,29.42
2017-01-02,6599,75,40.99
2017-01-03,7287,70,41.12
2017-01-04,6413,51,31.66
2017-01-05,7231,47,26.95
2017-01-06,9799,59,29.99
2017-01-07,8245,69,42.48
2017-01-08,7968,68,39.94
2017-01-09,8045,63,38.76
2017-01-10,8587,45,25.09
2017-01-11,7934,59,33.28
2017-01-12,9623,55,29.60
2017-01-13,6790,60,33.25
2017-01-14,8925,72,40.22
2017-01-15,8543,70,37.97
2017-01-16,8817,70,40.24
2017-01-17,9115,62,30.67
2017-01-18,23646,114,52.48
2017-01-19,30301,147,65.44
2017-01-20,56890,193,74.63
2017-01-21,35908,183,80.58
2017-01-22,37625,192,84.05
2017-01-23,47299,199,89.40
2017-01-24,54750,211,86.40
2017-01-25,50693,206,92.64
2017-01-26,56939,215,94.51
2017-01-27,55674,202,91.04
2017-01-28,53290,209,94.83
2017-01-29,49611,207,94.43
2017-01-30,73637,241,108.24
2017-01-31,56729,208,96.24
2017-02-01,62655,225,105.96
2017-02-02,71608,236,103.92
2017-02-03,77688,251,100.10
2017-02-04,92773,258,100.16
2017-02-05,93482,261,107.56
2017-02-06,87914,253,112.32
2017-02-07,79529,262,116.26
2017-02-08,75977,244,108.96
2017-02-09,81179,235,101.37
2017-02-10,63924,208,96.46
2017-02-11,76438,262,100.93
2017-02-12,79249,267,106.75
2017-02-13,62202,239,109.66
2017-02-14,69969,243,104.44
2017-02-15,81423,268,104.85
2017-02-16,67667,248,99.82
2017-02-17,79283,246,100.59
2017-02-18,79651,279,99.08
2017-02-19,75917,269,107.74
2017-02-20,78966,266,112.67
2017-02-21,74453,258,113.92
2017-02-22,88344,245,107.38
2017-02-23,83794,258,103.55
2017-02-24,133,1,0.65
2017-02-25,41,0,0.00
2017-02-26,129,3,0.90
2017-02-27,6919,24,9.30
2017-02-28,18219,93,48.84
2017-03-01,16016,91,47.44
2017-03-02,13140,81,48.54
2017-03-03,12379,74,40.49
2017-03-04,11771,62,37.52
2017-03-05,12653,80,46.20
2017-03-06,15854,101,58.46
2017-03-07,14004,69,37.06
2017-03-08,18691,72,40.81
2017-03-09,18940,87,41.48
2017-03-10,16419,82,43.02
2017-03-11,15658,74,36.68
2017-03-12,23027,107,47.89
2017-03-13,15401,91,46.29
2017-03-14,12590,90,51.73
2017-03-15,11472,79,48.29
2017-03-16,14627,79,37.68
2017-03-17,15443,73,34.80
2017-03-18,22661,85,39.89
2017-03-19,18953,93,47.25
2017-03-20,18522,93,50.21
2017-03-21,19979,76,43.90
2017-03-22,20868,76,40.57
2017-03-23,23322,88,40.54
2017-03-24,19169,72,38.61
2017-03-25,21946,91,39.07
2017-03-26,17239,84,45.04
2017-03-27,13363,96,56.71
2017-03-28,7872,62,35.55
2017-03-29,13485,75,42.55
2017-03-30,9833,73,40.91
2017-03-31,11954,60,32.95
2017-04-01,10988,71,41.59
2017-04-02,7480,47,27.68
2017-04-03,10982,90,54.95
2017-04-04,7378,66,38.50
2017-04-05,13625,84,48.94
2017-04-06,13121,98,56.31
2017-04-07,15291,73,38.91
2017-04-08,13298,89,44.63
2017-04-09,17255,87,44.96
2017-04-10,17588,74,38.72
2017-04-11,17229,92,56.70
2017-04-12,16962,93,51.04
2017-04-13,17742,80,44.26
2017-04-14,13871,77,39.89
2017-04-15,13928,68,38.58
2017-04-16,14787,67,36.19
2017-04-17,16136,77,41.60
2017-04-18,16066,104,60.37
2017-04-19,17610,92,53.38
2017-04-20,1455,42,24.20
2017-04-21,2032,39,24.29
2017-04-22,15159,70,39.75
2017-04-23,14072,77,41.56
2017-04-24,13196,94,53.45
2017-04-25,16932,85,47.76
2017-04-26,17759,68,37.01
2017-04-27,17759,68,37.01
2017-04-28,13803,83,46.74
2017-04-29,17031,79,45.26
2017-04-30,18540,81,44.78
2017-05-01,20105,79,37.81
2017-05-02,25188,111,55.09
2017-05-03,22795,115,55.48
2017-05-04,21918,106,51.55
2017-05-05,24086,103,46.83
2017-05-06,18677,96,48.52
2017-05-07,18777,108,53.05
2017-05-08,13977,99,59.53
2017-05-09,19356,90,47.47
2017-05-10,16906,103,54.83
2017-05-11,16963,99,50.71
2017-05-12,16535,75,35.76
2017-05-13,12209,98,51.44
2017-05-14,14232,88,38.77
2017-05-15,16454,100,47.31
2017-05-16,14297,85,38.17
2017-05-17,13203,83,41.89
2017-05-18,11916,82,43.69
2017-05-19,23510,96,41.05
2017-05-20,17775,101,44.71
2017-05-21,23363,116,47.33
2017-05-22,21073,138,71.98
2017-05-23,20417,118,62.98
2017-05-24,18741,119,57.66
2017-05-25,17031,91,51.10
2017-05-26,16512,89,45.46
2017-05-27,7754,33,19.23
2017-05-28,18360,90,42.84
2017-05-29,22737,116,59.40
2017-05-30,23594,131,66.39
2017-05-31,23430,106,61.99
2017-06-01,18469,122,65.22
2017-06-02,22437,99,53.52
2017-06-03,22040,95,47.59
2017-06-04,16673,124,67.08
2017-06-05,23025,140,72.55
2017-06-06,19015,130,70.17
2017-06-07,19199,103,51.64
2017-06-08,15554,103,55.09
2017-06-09,16970,99,50.93
2017-06-10,16595,106,53.65
2017-06-11,17979,96,46.13
2017-06-12,18464,116,63.67
2017-06-13,19084,130,67.38
2017-06-14,19603,118,58.40
2017-06-15,19274,119,57.32
2017-06-16,13572,111,54.39
2017-06-17,12524,115,52.55
2017-06-18,12523,136,66.27
2017-06-19,13342,115,65.90
2017-06-20,17122,143,73.50
2017-06-21,19897,145,74.04
2017-06-22,20185,136,70.53
2017-06-23,16296,111,56.07
2017-06-24,17939,105,56.55
2017-06-25,1061,15,10.27
2017-06-26,20164,156,92.88
2017-06-27,18042,145,88.32
2017-06-28,21417,153,92.15
2017-06-29,20119,136,80.49
2017-06-30,18777,129,76.52
2017-07-01,17439,146,87.19
2017-07-02,19926,204,127.99
2017-07-03,18544,197,130.78
2017-07-04,18592,201,120.30
2017-07-05,20183,198,123.17
2017-07-06,17082,169,108.50
2017-07-07,13977,162,99.78
2017-07-08,10282,142,87.70
2017-07-09,14395,176,107.08
2017-07-10,24877,235,126.89
2017-07-11,20784,258,144.47
2017-07-12,20388,257,139.56
2017-07-13,26249,277,136.45
2017-07-14,21677,242,141.80
2017-07-15,20449,185,92.14
2017-07-16,21395,217,100.19
2017-07-17,27506,223,113.12
2017-07-18,29384,214,118.37
2017-07-19,29010,206,109.03
2017-07-20,27031,259,139.03
2017-07-21,40191,256,126.09
2017-07-22,30484,173,86.01
2017-07-23,42691,237,109.12
2017-07-24,35006,261,133.58
2017-07-25,9875,69,32.74
2017-07-26,41249,257,125.32
2017-07-27,45308,268,125.69
2017-07-28,48836,261,123.79
2017-07-29,5858,46,23.32
2017-07-30,4460,29,16.00
2017-07-31,3790,30,14.54
2017-08-01,3202,36,19.26
2017-08-02,2402,35,19.74
2017-08-03,3733,31,16.95
2017-08-04,1877,34,20.11
2017-08-05,2410,32,17.20
2017-08-06,2222,34,19.36
2017-08-07,3590,35,19.58
2017-08-08,1348,31,18.12
2017-08-09,2908,31,17.31
2017-08-10,2169,31,17.98
2017-08-11,3683,29,17.81
2017-08-12,2949,31,15.25
2017-08-13,2204,33,17.08
2017-08-14,3190,35,19.22
2017-08-15,2167,40,20.73
2017-08-16,16637,98,48.15
2017-08-17,33154,250,125.51
2017-08-18,32891,207,110.47
2017-08-19,22478,182,96.01
2017-08-20,21341,247,135.22
2017-08-21,23230,265,138.18
2017-08-22,23264,241,133.34
2017-08-23,23297,247,134.70
2017-08-24,18478,177,90.14
2017-08-25,17126,191,116.19
2017-08-26,20617,171,94.48
2017-08-27,17969,193,107.63
2017-08-28,20665,262,152.66
2017-08-29,22768,235,133.27
2017-08-30,20823,207,116.23
2017-08-31,17292,185,105.10
2017-09-01,20260,216,114.58
2017-09-02,17355,246,134.68
2017-09-03,22401,262,133.73
2017-09-04,17684,254,140.88
2017-09-05,15482,252,135.29
2017-09-06,16640,220,118.09
2017-09-07,18884,234,132.81
2017-09-08,17448,150,83.28
2017-09-09,14637,132,72.10
2017-09-10,22144,186,104.62
2017-09-11,18737,185,101.79
2017-09-12,28659,289,157.94
2017-09-13,24852,301,175.16
2017-09-14,23500,354,175.26
2017-09-15,19913,289,139.50
2017-09-16,22400,279,135.74
2017-09-17,21457,366,176.26
2017-09-18,18583,380,179.43
2017-09-19,13590,268,124.71
2017-09-20,16199,339,159.57
2017-09-21,13098,234,124.03
2017-09-22,11803,141,76.39
2017-09-23,10660,147,84.38
2017-09-24,13272,163,91.18
2017-09-25,14804,194,106.57
2017-09-26,14408,202,109.25
2017-09-27,12025,188,109.78
2017-09-28,11353,141,80.19
2017-09-29,9630,137,78.44
2017-09-30,7153,106,62.86
2017-10-01,8635,164,91.87
2017-10-02,9375,178,98.92
2017-10-03,9376,174,93.26
2017-10-04,8788,179,103.38
2017-10-05,10103,165,89.71
2017-10-06,10176,139,70.62
2017-10-07,10578,131,72.20
2017-10-08,10341,185,95.97
2017-10-09,11542,197,110.48
2017-10-10,9607,169,99.15
2017-10-11,9287,176,101.32
2017-10-12,7586,176,103.16
2017-10-13,9784,153,87.11
2017-10-14,11689,195,113.20
2017-10-15,13263,249,148.17
2017-10-16,16561,279,162.62
2017-10-17,14983,305,170.22
2017-10-18,12435,218,125.32
2017-10-19,17487,230,127.76
2017-10-20,12470,236,139.03
2017-10-21,13570,199,108.80
2017-10-22,12807,313,182.44
2017-10-23,12648,339,200.28
2017-10-24,12170,345,190.65
2017-10-25,11388,266,154.47
2017-10-26,12414,274,149.45
2017-10-27,13473,221,122.96
2017-10-28,9976,235,125.27
2017-10-29,11195,287,156.95
2017-10-30,10214,262,150.40
2017-10-31,7953,181,102.50
2017-11-01,10817,226,122.73
2017-11-02,12599,306,164.00
2017-11-03,11419,281,158.79
2017-11-04,9732,240,130.70
2017-11-05,12199,320,178.34
2017-11-06,14700,372,216.47
2017-11-07,13513,295,173.58
2017-11-08,9464,155,96.45
2017-11-09,8620,205,119.19
2017-11-10,7499,111,63.85
2017-11-11,7952,144,87.06
2017-11-12,8560,140,84.43
2017-11-13,9698,158,98.23
2017-11-14,7234,141,86.49
2017-11-15,11638,149,98.10
2017-11-16,8800,104,58.21
2017-11-17,9587,110,65.72
2017-11-18,6146,97,56.40
2017-11-19,9003,153,93.77
2017-11-20,11304,133,84.36
2017-11-21,13865,160,99.79
2017-11-22,14933,138,79.50
2017-11-23,23778,128,72.97
2017-11-24,10003,135,82.39
2017-11-25,5439,99,61.57
2017-11-26,7157,153,94.91
2017-11-27,7112,154,98.43
2017-11-28,7492,154,97.63
2017-11-29,6751,140,89.79
2017-11-30,15848,134,77.21
2017-12-01,11967,87,56.12
2017-12-02,14465,106,53.87
2017-12-03,21274,159,91.14
2017-12-04,10790,137,82.72
2017-12-05,8702,144,86.10
2017-12-06,9568,103,67.00
2017-12-07,9750,99,57.97
2017-12-08,6898,112,71.04
2017-12-09,8446,127,73.37
2017-12-10,11571,147,86.65
2017-12-11,10421,172,113.31
2017-12-12,12183,244,147.48
2017-12-13,16501,247,146.80
2017-12-14,15190,203,123.91
2017-12-15,13922,205,111.56
2017-12-16,11979,248,142.69
2017-12-17,16025,281,158.89
2017-12-18,15922,216,134.84
2017-12-19,15663,201,111.65
2017-12-20,10741,186,110.55
2017-12-21,10517,153,86.05
2017-12-22,8944,126,76.79
2017-12-23,10887,110,62.62
2017-12-24,9523,78,40.24
2017-12-25,8005,125,72.81
2017-12-26,12693,263,147.25
2017-12-27,21463,549,283.92
2017-12-28,21049,480,276.67
2017-12-29,18531,442,248.89
2017-12-30,19272,390,218.64
2017-12-31,13770,314,173.02
2018-01-01,20640,400,226.07
2018-01-02,24274,432,246.95
2018-01-03,27681,546,311.45
2018-01-04,23723,499,263.53
2018-01-05,16461,327,180.77
2018-01-06,16173,352,191.34
2018-01-07,17375,420,209.84
2018-01-08,21506,444,223.10
2018-01-09,23244,602,323.72
2018-01-10,22723,652,364.38
2018-01-11,23173,589,326.23
2018-01-12,21046,561,291.70
2018-01-13,19007,511,262.37
2018-01-14,18891,507,272.21
2018-01-15,19463,482,267.92
2018-01-16,25180,506,275.50
2018-01-17,28439,526,280.06
2018-01-18,25592,454,250.63
2018-01-19,27227,493,260.13
2018-01-20,23609,510,274.26
2018-01-21,22986,495,278.28
2018-01-22,24637,508,283.86
2018-01-23,21728,482,261.98
2018-01-24,24107,484,253.71
2018-01-25,26759,490,252.23
2018-01-26,18753,449,200.11
2018-01-27,18467,425,189.36
2018-01-28,22802,571,266.27
2018-01-29,24686,567,269.92
2018-01-30,24279,552,265.72
2018-01-31,21121,491,232.58
2018-02-01,24568,445,208.91
2018-02-02,15970,339,175.09
2018-02-03,14896,365,167.28
2018-02-04,18811,470,229.38
2018-02-05,19134,444,212.79
2018-02-06,24041,565,268.32
2018-02-07,18002,333,166.61
2018-02-08,15515,284,141.00
2018-02-09,13525,240,121.38
2018-02-10,16165,389,186.91
2018-02-11,20668,563,264.48
2018-02-12,23167,549,279.06
2018-02-13,22022,459,229.16
2018-02-14,19123,387,201.36
2018-02-15,18994,400,197.22
2018-02-16,16739,346,161.59
2018-02-17,16769,438,194.08
2018-02-18,23371,653,276.79
2018-02-19,25845,637,278.66
2018-02-20,22515,592,259.41
2018-02-21,20173,524,226.06
2018-02-22,20477,483,201.46
2018-02-23,17310,345,163.53
2018-02-24,15712,366,174.68
2018-02-25,21014,601,288.25
2018-02-26,22868,583,287.13
2018-02-27,22426,469,237.27
2018-02-28,20260,452,216.89
2018-03-01,16735,253,117.73
2018-03-02,13328,262,124.18
2018-03-03,14737,316,160.86
2018-03-04,18207,372,191.77
2018-03-05,19108,479,228.85
2018-03-06,17713,385,189.25
2018-03-07,15727,288,146.24
2018-03-08,12703,250,132.52
2018-03-09,13084,256,130.03
2018-03-10,14323,359,166.25
2018-03-11,13711,385,201.33
2018-03-12,15153,389,196.74
2018-03-13,20127,538,248.36
2018-03-14,21241,525,250.84
2018-03-15,18155,433,199.71
2018-03-16,17307,337,166.35
2018-03-17,14852,327,164.54
2018-03-18,20211,527,266.84
2018-03-19,13197,323,157.16
2018-03-20,21731,498,232.74
2018-03-21,19467,448,231.89
2018-03-22,17108,372,187.33
2018-03-23,15141,383,184.91
2018-03-24,13786,332,158.50
2018-03-25,14821,392,192.07
2018-03-26,17702,412,205.32
2018-03-27,16506,371,193.18
2018-03-28,9397,176,98.26
2018-03-29,10029,224,131.60
2018-03-30,8469,151,83.41
2018-03-31,7662,141,76.62
2018-04-01,7810,191,102.35
2018-04-02,10053,231,125.60
2018-04-03,14341,343,191.49
2018-04-04,11722,227,125.44
2018-04-05,10151,164,84.60
2018-04-06,9156,176,89.08
2018-04-07,7811,156,89.89
2018-04-08,9197,181,90.59
2018-04-09,10836,275,147.28
2018-04-10,11274,229,115.15
2018-04-11,10441,186,101.45
2018-04-12,8509,171,85.48
2018-04-13,9040,175,89.18
2018-04-14,6478,125,62.98
2018-04-15,9655,214,108.70
2018-04-16,13407,297,151.01
2018-04-17,13887,252,135.49
2018-04-18,12600,254,143.74
2018-04-19,13683,235,153.83
2018-04-20,16414,216,144.81
2018-04-21,13014,179,125.43
2018-04-22,17883,242,159.52
2018-04-23,22970,311,233.55
2018-04-24,30176,434,265.02
2018-04-25,25990,371,256.75
2018-04-26,24218,368,246.63
2018-04-27,20878,268,154.61
2018-04-28,14895,230,193.33
2018-04-29,16725,251,179.02
2018-04-30,16733,250,162.84
2018-05-01,21839,242,153.86
2018-05-02,20006,273,179.86
2018-05-03,19516,273,181.11
2018-05-04,22179,466,264.88
2018-05-05,19233,499,272.01
2018-05-06,20314,453,239.40
2018-05-07,25245,527,296.40
2018-05-08,25187,464,265.73
2018-05-09,23476,446,251.31
2018-05-10,22008,383,206.76
2018-05-11,19714,365,228.86
2018-05-12,16433,349,203.39
2018-05-13,21053,530,283.59
2018-05-14,29443,567,311.27
2018-05-15,25554,547,288.85
2018-05-16,25183,511,276.75
2018-05-17,26422,507,254.85
2018-05-18,23284,428,222.50
2018-05-19,17658,345,185.87
2018-05-20,20924,393,218.81
2018-05-21,26199,505,313.44
2018-05-22,23296,458,263.36
2018-05-23,21910,426,239.74
2018-05-24,20523,369,217.44
2018-05-25,17039,307,173.56
2018-05-26,13329,276,151.06
2018-05-27,16590,344,224.10
2018-05-28,20807,404,258.70
2018-05-29,17829,322,203.15
2018-05-30,14760,266,152.62
2018-05-31,15083,277,162.66
2018-06-01,17842,343,204.77
2018-06-02,15358,355,210.75
2018-06-03,20790,423,249.99
2018-06-04,22904,447,251.22
2018-06-05,17416,306,184.87
2018-06-06,25309,473,263.80
2018-06-07,22868,416,223.50
2018-06-08,20894,379,217.41
2018-06-09,18103,298,154.50
2018-06-10,23659,454,242.40
2018-06-11,29066,507,299.29
2018-06-12,30249,530,290.50
2018-06-13,31414,503,270.87
2018-06-14,28937,430,228.81
2018-06-15,24373,368,217.04
2018-06-16,18218,255,133.04
2018-06-17,29833,514,264.07
2018-06-18,32152,549,321.90
2018-06-19,27699,442,237.38
2018-06-20,27439,453,235.93
2018-06-21,27116,422,225.08
2018-06-22,23107,372,200.49
2018-06-23,20032,317,181.55
2018-06-24,24179,453,229.29
2018-06-25,20435,298,187.05
2018-06-26,22594,367,222.46
2018-06-27,21938,343,213.22
2018-06-28,20339,256,163.14
2018-06-29,22777,335,181.49
2018-06-30,19501,346,183.18
2018-07-01,23553,347,193.56
2018-07-02,23972,398,237.44
2018-07-03,23392,403,234.96
2018-07-04,27280,420,216.63
2018-07-05,25361,376,209.50
2018-07-06,24078,338,193.07
2018-07-07,18733,289,145.29
2018-07-08,21960,357,185.98
2018-07-09,27782,452,225.63
2018-07-10,22218,395,207.48
2018-07-11,22754,358,193.77
2018-07-12,21837,324,173.24
2018-07-13,24330,425,196.81
2018-07-14,19103,348,179.04
2018-07-15,20723,464,247.90
2018-07-16,26470,516,258.43
2018-07-17,28468,534,258.61
2018-07-18,27119,539,269.41
2018-07-19,25857,517,256.00
2018-07-20,22668,395,201.75
2018-07-21,17087,360,180.72
2018-07-22,23257,413,197.50
2018-07-23,26908,469,240.50
2018-07-24,30109,501,253.10
2018-07-25,25743,447,228.36
2018-07-26,24193,425,215.71
2018-07-27,22824,358,191.22
2018-07-28,18065,303,159.73
2018-07-29,20517,350,183.56
2018-07-30,26112,439,239.00
2018-07-31,26274,424,218.74
2018-08-01,25227,393,201.17
2018-08-02,22747,364,193.49
2018-08-03,21125,393,224.81
2018-08-04,16959,346,172.58
2018-08-05,22314,438,208.87
2018-08-06,27282,549,272.78
2018-08-07,24339,426,218.28
2018-08-08,22692,365,194.99
2018-08-09,21121,366,194.17
2018-08-10,18099,325,196.54
2018-08-11,14114,275,158.76
2018-08-12,16211,277,168.26
2018-08-13,18944,375,225.44
2018-08-14,18777,319,196.58
2018-08-15,18177,344,197.62
2018-08-16,21887,369,228.04
2018-08-17,20851,344,185.28
2018-08-18,16255,275,168.05
2018-08-19,18784,304,192.54
2018-08-20,20023,352,222.27
2018-08-21,21837,340,214.18
2018-08-22,21817,331,202.95
2018-08-23,21293,353,218.58
2018-08-24,20627,313,192.15
2018-08-25,16433,298,192.10
2018-08-26,19371,320,191.61
2018-08-27,21485,366,211.16
2018-08-28,20116,358,214.33
2018-08-29,19223,335,192.14
2018-08-30,25528,403,227.66
2018-08-31,22709,361,207.83
2018-09-01,18302,350,194.55
2018-09-02,22313,402,236.84
2018-09-03,25102,412,242.53
2018-09-04,25024,378,218.42
2018-09-05,24152,381,237.53
2018-09-06,22693,348,217.83
2018-09-07,22883,433,242.59
2018-09-08,19936,383,225.81
2018-09-09,22233,354,201.55
2018-09-10,23788,405,234.81
2018-09-11,22896,432,259.04
2018-09-12,19679,358,229.82
2018-09-13,19533,326,204.37
2018-09-14,16598,327,200.36
2018-09-15,15258,295,203.47
2018-09-16,15596,302,183.24
2018-09-17,16331,349,222.27
2018-09-18,18586,364,230.10
2018-09-19,17940,342,203.26
2018-09-20,17693,329,201.65
2018-09-21,16700,307,197.29
2018-09-22,15088,307,189.14
2018-09-23,19668,347,203.67
2018-09-24,19881,335,204.34
2018-09-25,19014,347,222.51
2018-09-26,17661,299,183.54
2018-09-27,14620,253,157.99
2018-09-28,15812,255,172.75
2018-09-29,14794,283,183.18
2018-09-30,17352,306,173.17
2018-10-01,20265,344,207.41
2018-10-02,22754,411,221.33
2018-10-03,21262,410,239.81
2018-10-04,18070,330,208.11
2018-10-05,17727,329,213.87
2018-10-06,15324,288,184.86
2018-10-07,18966,338,217.04
2018-10-08,18911,347,238.45
2018-10-09,4535,214,169.79
2018-10-10,15014,290,192.33
2018-10-11,14399,311,213.28
2018-10-12,12886,266,176.34
2018-10-13,6681,160,117.99
2018-10-14,15542,336,232.14
2018-10-15,15172,294,199.67
2018-10-16,16793,326,221.76
2018-10-17,16644,313,219.30
2018-10-18,16650,313,208.05
2018-10-19,13630,261,177.25
2018-10-20,872,9,3.04
2018-10-21,17916,322,217.80
2018-10-22,18945,340,254.78
2018-10-23,24491,385,257.93
2018-10-24,19689,320,199.80
2018-10-25,20805,336,200.43
2018-10-26,22983,306,194.15
2018-10-27,20914,313,198.25
2018-10-28,25636,374,217.14
2018-10-29,23403,339,220.25
2018-10-30,17206,321,180.10
2018-10-31,13093,194,114.40
2018-11-01,16608,293,169.53
2018-11-02,13380,241,178.92
2018-11-03,21646,335,192.63
2018-11-04,28207,403,241.03
2018-11-05,26188,425,287.59
2018-11-06,24296,373,251.20
2018-11-07,24484,355,242.73
2018-11-08,22589,315,213.01
2018-11-09,20480,303,211.57
2018-11-10,18185,296,217.68
2018-11-11,23110,330,209.37
2018-11-12,23781,357,238.67
2018-11-13,22071,359,257.79
2018-11-14,24318,327,226.06
2018-11-15,22484,303,224.46
2018-11-16,19524,292,204.43
2018-11-17,17573,268,210.63
2018-11-18,27885,450,297.60
2018-11-19,24849,381,260.67
2018-11-20,20127,326,227.23
2018-11-21,29722,548,273.75
2018-11-22,30085,721,349.99
2018-11-23,39190,950,429.65
2018-11-24,36550,789,395.19
2018-11-25,43575,1000,505.68
2018-11-26,36877,1010,515.25
2018-11-27,42582,982,484.33
2018-11-28,42144,988,438.59
2018-11-29,41443,894,395.41
2018-11-30,36244,695,327.56
2018-12-01,32517,687,359.16
2018-12-02,32820,640,385.61
2018-12-03,26406,498,346.43
2018-12-04,21288,392,318.41
2018-12-05,19376,365,281.13
2018-12-06,16548,334,235.91
2018-12-07,18215,349,252.74
2018-12-08,18589,390,297.65
2018-12-09,27694,571,418.73
2018-12-10,24539,435,337.77
2018-12-11,21371,397,308.34
2018-12-12,21695,399,283.90
2018-12-13,21695,399,293.82
2018-12-14,19077,359,255.29
2018-12-15,18045,324,239.26
2018-12-16,22692,463,311.70
2018-12-17,21739,388,274.95
2018-12-18,20671,334,234.81
2018-12-19,15316,270,206.61
2018-12-20,14812,233,179.54
2018-12-21,9849,198,135.66
2018-12-22,9683,162,134.81
2018-12-23,10678,177,131.09
2018-12-24,8424,118,75.19
2018-12-25,10467,173,156.08
2018-12-26,17849,364,268.98
2018-12-27,22401,658,407.12
2018-12-28,25434,745,457.52
2018-12-29,29100,760,429.47
2018-12-30,31162,812,464.82
2018-12-31,22126,483,283.88
2019-01-01,25505,645,363.40
2019-01-02,32589,810,445.99
2019-01-03,36495,819,404.42
2019-01-04,40418,810,409.42
2019-01-05,40293,771,417.38
2019-01-06,44914,1029,453.19
2019-01-07,45618,984,493.46
2019-01-08,43715,899,451.87
2019-01-09,42559,887,458.53
2019-01-10,47226,854,452.79
2019-01-11,34740,561,300.95
2019-01-12,48748,874,506.50
2019-01-13,44617,935,484.55
2019-01-14,36907,716,425.13
2019-01-15,40645,829,454.43
2019-01-16,40332,752,410.10
2019-01-17,34993,734,408.03
2019-01-18,32293,713,400.87
2019-01-19,25116,448,237.33
2019-01-20,28099,568,295.52
2019-01-21,40265,857,520.22
2019-01-22,42525,781,462.44
2019-01-23,40787,758,417.57
2019-01-24,38987,726,356.79
2019-01-25,39842,673,331.08
2019-01-26,33747,656,346.98
2019-01-27,43073,798,401.58
2019-01-28,43154,788,380.89
2019-01-29,40125,803,385.17
2019-01-30,41987,734,350.42
2019-01-31,38598,670,313.67
2019-02-01,35695,671,326.75
2019-02-02,43833,809,381.05
2019-02-03,49662,921,418.48
2019-02-04,39804,835,389.84
2019-02-05,28769,559,256.46
2019-02-06,32678,602,278.65
2019-02-07,34170,586,263.66
2019-02-08,30957,495,236.56
2019-02-09,26121,489,238.88
2019-02-10,28337,554,246.63
2019-02-11,25796,622,284.70
2019-02-12,38061,660,302.94
2019-02-13,30107,680,302.40
2019-02-14,23007,558,272.19
2019-02-15,26583,547,276.18
2019-02-16,30327,516,244.07
2019-02-17,38003,722,317.41
2019-02-18,42265,699,321.03
2019-02-19,38289,682,302.61
2019-02-20,33950,715,321.97
2019-02-21,34552,638,300.97
2019-02-22,31144,566,259.04
2019-02-23,28853,588,277.20
2019-02-24,37443,721,334.49
2019-02-25,33102,611,297.17
2019-02-26,31406,607,281.68
2019-02-27,26680,551,257.87
2019-02-28,25428,516,242.23
2019-03-01,26238,574,268.75
2019-03-02,27871,601,277.19
2019-03-03,39822,825,357.95
2019-03-04,29533,651,313.31
2019-03-05,28603,644,301.22
2019-03-06,29487,603,282.40
2019-03-07,32427,610,281.39
2019-03-08,25394,509,240.87
2019-03-09,31177,583,258.44
2019-03-10,41529,788,346.49
2019-03-11,42134,828,363.52
2019-03-12,41338,762,355.24
2019-03-13,43126,784,378.81
2019-03-14,31663,667,315.42
2019-03-15,30387,572,277.43
2019-03-16,36873,683,315.27
2019-03-17,40826,728,324.07
2019-03-18,46645,796,373.19
2019-03-19,36705,723,335.39
2019-03-20,39256,726,346.73
2019-03-21,35548,624,283.34
2019-03-22,32726,569,284.33
2019-03-23,26996,472,212.77
2019-03-24,37263,701,326.35
2019-03-25,33437,608,292.65
2019-03-26,34631,652,312.11
2019-03-27,34328,679,315.34
2019-03-28,30653,571,295.39
2019-03-29,32933,609,284.50
2019-03-30,26720,528,237.41
2019-03-31,32754,572,268.09
2019-04-01,37750,652,321.41
2019-04-02,40925,652,304.44
2019-04-03,35572,683,332.87
2019-04-04,35754,535,264.77
2019-04-05,29298,485,238.97
2019-04-06,29778,496,240.53
2019-04-07,34774,627,311.71
2019-04-08,33006,566,271.60
2019-04-09,35398,644,310.88
2019-04-10,36421,639,314.63
2019-04-11,35856,608,301.65
2019-04-12,34410,594,281.06
2019-04-13,31477,519,234.89
2019-04-14,33823,632,293.52
2019-04-15,33102,542,243.94
2019-04-16,30424,531,261.22
2019-04-17,29801,480,229.04
2019-04-18,24093,392,189.20
2019-04-19,20718,279,130.44
2019-04-20,13275,185,106.11
2019-04-21,16231,199,105.06
2019-04-22,25275,403,219.83
2019-04-23,34932,703,342.35
2019-04-24,40307,729,346.59
2019-04-25,29449,572,264.76
2019-04-26,22688,439,223.02
2019-04-27,23152,476,224.94
2019-04-28,31564,619,300.78
2019-04-29,25515,483,242.18
2019-04-30,26983,458,212.70
2019-05-01,25859,515,241.37
2019-05-02,29280,552,255.48
2019-05-03,31777,626,282.58
2019-05-04,29927,629,282.93
2019-05-05,37108,800,354.46
2019-05-06,40175,784,359.59
2019-05-07,39516,745,327.39
2019-05-08,33223,751,339.09
2019-05-09,30227,661,291.43
2019-05-10,29288,611,282.84
2019-05-11,23028,523,251.25
2019-05-12,33927,691,329.82
2019-05-13,35797,723,360.66
2019-05-14,34246,774,371.95
2019-05-15,30333,642,313.91
2019-05-16,25232,550,252.47
2019-05-17,19624,445,196.59
2019-05-18,17722,416,210.59
2019-05-19,24041,498,240.59
2019-05-20,20834,488,238.28
2019-05-21,31132,617,297.88
2019-05-22,32474,639,315.50
2019-05-23,31443,624,301.48
2019-05-24,29716,569,267.43
2019-05-25,19372,428,221.84
2019-05-26,24324,479,244.45
2019-05-27,29239,613,315.27
2019-05-28,31676,685,344.31
2019-05-29,29062,663,326.27
2019-05-30,22125,522,259.14
2019-05-31,22849,544,256.29
2019-06-01,18170,407,198.02
2019-06-02,21952,454,227.43
2019-06-03,27747,614,300.58
2019-06-04,21974,552,274.65
2019-06-05,22078,538,255.00
2019-06-06,21003,506,243.26
2019-06-07,21051,522,265.53
2019-06-08,23140,497,245.76
2019-06-09,28164,566,283.32
2019-06-10,31436,663,321.07
2019-06-11,31774,619,303.04
2019-06-12,27948,612,306.11
2019-06-13,29436,553,265.71
2019-06-14,22528,514,251.13
2019-06-15,19166,425,215.17
2019-06-16,27053,530,260.14
2019-06-17,28041,582,283.28
2019-06-18,23509,547,248.60
2019-06-19,21113,377,189.78
2019-06-20,19111,381,184.89
2019-06-21,19530,423,194.08
2019-06-22,20190,405,198.04
2019-06-23,26167,473,245.17
2019-06-24,28952,544,266.94
2019-06-25,28867,536,253.79
2019-06-26,25089,493,246.84
2019-06-27,24922,494,248.05
2019-06-28,27578,475,227.32
2019-06-29,21934,447,208.35
2019-06-30,25994,483,222.48
2019-07-01,33959,633,295.24
2019-07-02,38802,664,304.46
2019-07-03,31538,647,313.77
2019-07-04,36450,654,312.74
2019-07-05,34954,609,305.06
2019-07-06,29731,506,248.73
2019-07-07,41391,695,358.79
2019-07-08,41892,756,362.00
2019-07-09,40940,666,346.41
2019-07-10,39586,603,312.64
2019-07-11,32212,555,265.28
2019-07-12,29817,529,255.32
2019-07-13,27995,479,257.41
2019-07-14,37511,630,307.68
2019-07-15,38497,648,304.61
2019-07-16,40707,673,329.83
2019-07-17,38439,596,290.12
2019-07-18,43133,673,330.97
2019-07-19,35029,559,272.63
2019-07-20,29056,410,208.14
2019-07-21,37181,596,283.25
2019-07-22,41559,671,317.68
2019-07-23,44144,599,287.70
2019-07-24,38113,589,300.20
2019-07-25,24468,432,213.67
2019-07-26,2591,243,122.83
2019-07-27,3595,250,132.02
2019-07-28,36542,570,305.96
2019-07-29,25916,545,241.61
2019-07-30,22373,519,236.22
2019-07-31,21743,454,225.32
2019-08-01,27258,510,262.96
2019-08-02,29752,484,245.85
2019-08-03,24221,451,234.37
2019-08-04,19542,482,234.16
2019-08-05,24603,491,249.90
2019-08-06,22746,466,242.73
2019-08-07,24696,461,254.24
2019-08-08,21567,438,243.68
2019-08-09,20912,460,215.56
2019-08-10,4846,265,128.06
2019-08-11,11385,334,174.77
2019-08-12,15764,456,230.06
2019-08-13,29209,533,287.07
2019-08-14,56385,784,467.62
2019-08-15,44295,651,415.55
2019-08-16,37666,647,418.00
2019-08-17,38999,652,429.91
2019-08-18,47245,836,539.26
2019-08-19,50516,809,571.05
2019-08-20,21526,511,299.11
2019-08-21,4923,305,160.18
2019-08-22,7936,265,148.59
2019-08-23,2877,206,114.27
2019-08-24,2133,160,92.31
2019-08-25,2530,213,103.20
2019-08-26,3072,235,117.59
2019-08-27,2860,211,102.45
2019-08-28,2640,192,78.31
2019-08-29,2285,158,56.11
2019-08-30,2126,142,67.79
2019-08-31,2223,138,58.31
2019-09-01,2403,172,82.30
2019-09-02,3358,172,67.00
2019-09-03,3662,148,51.41
2019-09-04,3510,173,52.71
2019-09-05,4297,146,54.17
2019-09-06,3466,147,63.73
2019-09-07,3250,136,57.02
2019-09-08,3943,181,70.38
2019-09-09,3863,179,66.87
2019-09-10,3884,181,65.27
2019-09-11,3206,164,45.96
2019-09-12,4042,174,61.05
2019-09-13,3618,134,34.67
2019-09-14,2885,138,55.61
2019-09-15,3304,132,39.90
2019-09-16,3555,136,46.23
2019-09-17,3500,155,43.88
2019-09-18,3736,148,53.85
2019-09-19,2851,119,46.14
2019-09-20,2943,131,40.15
2019-09-21,2783,143,52.04
2019-09-22,6181,152,60.71
2019-09-23,4826,176,68.64
2019-09-24,3604,160,65.28
2019-09-25,5347,191,80.65
2019-09-26,4920,185,78.93
2019-09-27,3398,151,62.26
2019-09-28,4042,142,63.30
2019-09-29,7187,157,72.71
2019-09-30,6999,194,76.26
2019-10-01,7031,193,82.73
2019-10-02,7604,218,79.66
2019-10-03,7285,214,96.29
2019-10-04,3945,189,47.51
2019-10-05,7401,185,73.57
2019-10-06,7281,183,63.96
2019-10-07,7053,192,63.70
2019-10-08,6767,236,84.42
2019-10-09,7287,189,68.88
2019-10-10,7356,198,92.83
2019-10-11,5446,161,60.42
2019-10-12,4740,169,56.98
2019-10-13,4263,155,59.55
2019-10-14,5630,175,69.95
2019-10-15,5119,227,83.68
2019-10-16,4916,202,60.60
2019-10-17,5139,202,76.20
2019-10-18,5851,179,86.39
2019-10-19,9068,150,63.32
2019-10-20,7829,158,60.76
2019-10-21,8097,216,92.77
2019-10-22,5305,135,44.89
2019-10-23,17912,269,110.17
2019-10-24,44229,421,194.05
2019-10-25,45181,401,173.68
2019-10-26,46617,354,185.86
2019-10-27,43808,361,169.73
2019-10-28,5756,86,30.22
2019-10-29,44059,376,181.19
2019-10-30,36194,285,130.35
2019-10-31,35078,262,118.53
2019-11-01,35966,325,137.20
2019-11-02,39128,380,169.83
2019-11-03,44247,442,183.04
2019-11-04,34384,372,167.36
2019-11-05,36643,432,210.04
2019-11-06,39372,419,197.03
2019-11-07,36350,397,184.94
2019-11-08,40057,364,162.23
2019-11-09,27941,298,136.19
2019-11-10,33249,376,169.53
2019-11-11,32763,392,184.30
2019-11-12,35107,426,194.32
2019-11-13,39464,455,191.10
2019-11-14,50827,538,260.72
2019-11-15,36599,456,219.80
2019-11-16,32053,404,189.26
2019-11-17,34304,439,208.07
2019-11-18,29220,331,175.27
2019-11-19,20505,241,103.32
2019-11-20,35857,412,221.97
2019-11-21,40932,426,223.05
2019-11-22,36093,374,181.21
2019-11-23,38095,365,187.18
2019-11-24,22804,182,94.01
2019-11-25,22804,182,94.01
2019-11-26,11145,111,48.15
2019-11-27,13663,186,52.53
2019-11-28,25927,278,96.90
2019-11-29,31143,295,120.63
2019-11-30,28585,224,89.07
2019-12-01,38458,389,168.04
2019-12-02,44461,410,225.73
2019-12-03,42019,357,210.16
2019-12-04,34379,319,185.08
2019-12-05,34379,319,185.08
2019-12-06,34379,319,185.08
2019-12-07,9701,137,39.52
2019-12-08,29875,383,132.70
2019-12-09,22739,293,91.36
2019-12-10,22384,213,81.35
2019-12-11,20719,161,62.78
2019-12-12,28106,280,126.36
2019-12-13,23259,214,86.12
2019-12-14,20601,197,68.30
2019-12-15,25688,260,103.14
2019-12-16,31383,316,149.81
2019-12-17,30011,257,123.28
2019-12-18,21832,188,91.63
2019-12-19,17927,147,80.94
2019-12-20,16390,148,74.30
2019-12-21,15724,140,64.39
2019-12-22,16119,162,82.90
2019-12-23,14491,124,72.29
2019-12-24,9309,64,37.00
2019-12-25,13355,127,72.44
2019-12-26,19967,213,117.48
2019-12-27,23141,268,141.66
2019-12-28,19850,191,104.42
2019-12-29,21070,208,109.14
2019-12-30,20897,181,101.04
2019-12-31,13062,111,64.34
2020-01-01,22234,238,112.05
2020-01-02,32779,314,138.42
2020-01-03,35783,312,124.39
2020-01-04,33508,309,123.25
2020-01-05,38972,387,158.76
2020-01-06,35667,331,138.25
2020-01-07,37843,327,149.18
2020-01-08,31897,258,109.23
2020-01-09,42108,314,128.10
2020-01-10,41758,322,113.43
2020-01-11,34229,311,108.58
2020-01-12,40091,415,149.64
2020-01-13,40574,366,142.76
2020-01-14,30780,282,116.85
2020-01-15,24808,224,83.39
2020-01-16,33218,329,118.07
2020-01-17,26852,240,84.77
2020-01-18,24157,230,89.83
2020-01-19,29594,279,105.21
2020-01-20,26243,281,119.14
2020-01-21,25269,209,93.43
2020-01-22,21806,218,86.09
2020-01-23,27529,214,81.51
2020-01-24,23111,207,75.82
2020-01-25,23268,204,72.08
2020-01-26,26327,253,91.02
2020-01-27,28312,282,101.42
2020-01-28,38566,371,137.11
2020-01-29,32508,325,111.25
2020-01-30,27183,241,84.31
2020-01-31,26307,283,98.14
2020-02-01,27901,287,97.37
2020-02-02,38572,433,148.31
2020-02-03,35037,371,140.33
2020-02-04,37482,329,133.88
2020-02-05,33252,292,107.69
2020-02-06,33356,267,90.27
2020-02-07,30133,269,96.37
2020-02-08,27277,252,86.92
2020-02-09,24279,199,71.90
2020-02-10,24279,199,71.90
2020-02-11,20056,211,73.84
2020-02-12,28394,224,80.61
2020-02-13,26609,233,78.54
2020-02-14,19820,171,61.59
2020-02-15,29343,262,95.72
2020-02-16,31742,330,125.73
2020-02-17,28283,273,111.85
2020-02-18,29806,296,127.23
2020-02-19,27756,228,79.02
2020-02-20,22011,212,82.23
2020-02-21,22110,189,68.11
2020-02-22,21976,226,91.47
2020-02-23,29764,335,129.51
2020-02-24,28867,273,100.51
2020-02-25,28981,253,109.31
2020-02-26,24978,232,103.69
2020-02-27,22841,196,72.51
2020-02-28,21345,156,59.00
2020-02-29,9024,86,28.28
2020-03-01,28670,249,93.89
2020-03-02,24182,216,90.00
2020-03-03,23424,202,80.10
2020-03-04,20824,178,71.68
2020-03-05,20498,197,73.75
2020-03-06,19419,150,67.21
2020-03-07,18830,166,61.23
2020-03-08,21047,208,83.07
2020-03-09,19929,170,72.70
2020-03-10,11432,95,49.99
2020-03-11,7684,72,33.62
2020-03-12,5436,24,11.54
2020-03-13,4745,30,13.21
2020-03-14,5451,44,19.39
2020-03-15,7547,67,28.60
2020-03-16,7260,61,28.19
2020-03-17,5829,52,22.87
2020-03-18,6287,44,20.81
2020-03-19,6919,57,20.71
2020-03-20,8448,76,31.94
2020-03-21,10995,102,43.48
2020-03-22,11207,90,42.25
2020-03-23,9823,65,29.90
2020-03-24,9368,69,30.49
2020-03-25,7941,56,29.17
2020-03-26,9695,90,40.03
2020-03-27,9276,64,26.03
2020-03-28,9887,75,32.07
2020-03-29,14054,115,50.64
2020-03-30,14697,124,59.56
2020-03-31,13273,120,64.37
2020-04-01,14354,130,58.87
2020-04-02,14741,126,52.71
2020-04-03,14568,116,51.29
2020-04-04,14194,98,44.81
2020-04-05,18836,142,62.43
2020-04-06,14426,111,48.74
2020-04-07,13553,74,33.94
2020-04-08,11332,66,28.63
2020-04-09,10289,65,27.31
2020-04-10,10511,61,29.23
2020-04-11,9655,50,22.66
2020-04-12,10662,59,21.41
2020-04-13,16136,112,50.03
2020-04-14,16256,125,55.16
2020-04-15,16192,139,60.47
2020-04-16,16598,121,51.24
2020-04-17,13492,108,47.21
2020-04-18,13943,134,58.47
2020-04-19,20533,200,86.22
2020-04-20,18840,178,83.70
2020-04-21,17149,133,62.72
2020-04-22,13504,105,44.30
2020-04-23,14274,118,50.73
2020-04-24,12633,122,53.81
2020-04-25,16459,137,59.34
2020-04-26,20614,201,91.45
2020-04-27,14071,116,58.15
2020-04-28,18938,167,79.22
2020-04-29,22659,205,92.02
2020-04-30,19909,199,84.39
2020-05-01,22415,204,88.80
2020-05-02,20028,202,90.02
2020-05-03,28905,290,121.53
2020-05-04,28838,291,132.39
2020-05-05,31403,274,123.68
2020-05-06,28493,241,105.79
2020-05-07,29711,282,128.69
2020-05-08,23069,201,89.88
2020-05-09,19574,190,82.93
2020-05-10,25682,198,87.44
2020-05-11,29527,232,112.24
2020-05-12,35038,299,134.94
2020-05-13,30634,282,139.30
2020-05-14,32640,285,127.54
2020-05-15,28169,245,114.64
2020-05-16,27758,207,95.09
2020-05-17,33006,266,114.66
2020-05-18,31489,281,122.94
2020-05-19,35546,270,133.74
2020-05-20,28670,247,116.72
2020-05-21,27136,204,99.32
2020-05-22,25786,206,96.69
2020-05-23,30195,265,118.08
2020-05-24,40901,411,175.42
2020-05-25,32945,298,139.05
2020-05-26,33209,256,114.93
2020-05-27,27518,227,97.55
2020-05-28,27279,254,110.20
2020-05-29,26016,214,91.74
2020-05-30,28008,249,104.84
2020-05-31,35208,302,116.70
2020-06-01,30176,228,100.24
2020-06-02,36813,275,125.07
2020-06-03,33851,319,139.71
2020-06-04,31019,264,121.00
2020-06-05,31308,238,114.29
2020-06-06,24638,239,105.94
2020-06-07,32454,296,132.22
2020-06-08,34004,305,143.04
2020-06-09,34350,292,135.59
2020-06-10,27094,230,102.70
2020-06-11,26727,238,106.24
2020-06-12,24422,217,102.88
2020-06-13,22492,165,75.46
2020-06-14,33856,291,133.77
2020-06-15,31402,253,108.87
2020-06-16,34984,285,133.29
2020-06-17,31146,278,137.82
2020-06-18,29285,256,127.00
2020-06-19,26910,243,118.43
2020-06-20,27540,228,107.81
2020-06-21,34270,344,153.42
2020-06-22,35375,287,124.45
2020-06-23,32688,260,140.30
2020-06-24,32423,240,133.45
2020-06-25,24872,189,84.84
2020-06-26,23125,180,95.32
2020-06-27,23698,185,89.44
2020-06-28,24833,214,107.96
2020-06-29,33911,284,142.55
2020-06-30,32356,260,133.21
2020-07-01,27219,218,112.75
2020-07-02,27251,261,141.12
2020-07-03,20303,187,95.07
2020-07-04,17367,156,64.32
2020-07-05,21340,166,65.50
2020-07-06,26790,218,113.20
2020-07-07,33886,316,158.64
2020-07-08,30912,274,138.11
2020-07-09,27942,254,118.11
2020-07-10,25795,216,112.62
2020-07-11,26893,246,118.72
2020-07-12,28099,225,102.90
2020-07-13,34556,297,132.16
2020-07-14,32861,241,105.64
2020-07-15,28312,193,82.40
2020-07-16,29862,239,111.90
2020-07-17,25671,235,101.40
2020-07-18,23144,197,87.09
2020-07-19,29601,278,123.79
2020-07-20,32387,262,132.99
2020-07-21,35917,299,147.23
2020-07-22,30184,261,127.25
2020-07-23,27927,256,118.89
2020-07-24,25442,245,103.32
2020-07-25,23245,196,85.03
2020-07-26,29775,274,119.42
2020-07-27,32396,271,138.55
2020-07-28,34047,315,144.14
2020-07-29,33297,290,120.02
2020-07-30,30788,289,134.25
2020-07-31,28083,248,110.78
2020-08-01,22635,198,88.39
2020-08-02,29536,286,125.89
2020-08-03,14038,119,65.12
2020-08-04,14038,119,65.12
2020-08-05,14,0,0.00
2020-08-06,362,0,0.00
2020-08-07,598,4,3.93
2020-08-08,3218,24,32.99
2020-08-09,4059,33,36.58
2020-08-10,3857,22,27.24
2020-08-11,4377,27,31.04
2020-08-12,4005,28,31.85
2020-08-13,4677,28,29.84
2020-08-14,4621,38,35.61
2020-08-15,6165,64,52.38
2020-08-16,6406,59,46.43
2020-08-17,4135,25,23.17
2020-08-18,7381,79,63.55
2020-08-19,6419,75,53.06
2020-08-20,21163,238,160.74
2020-08-21,20991,215,136.43
2020-08-22,25173,252,162.52
2020-08-23,27804,287,186.92
2020-08-24,20663,199,133.99
2020-08-25,13628,119,81.42
2020-08-26,13087,112,88.77
2020-08-27,11430,94,71.14
2020-08-28,8634,66,47.62
2020-08-29,1291,9,11.73
2020-08-30,1016,12,11.85
2020-08-31,972,7,10.90
2020-09-01,5388,46,36.92
2020-09-02,9238,58,45.63
2020-09-03,10658,74,59.90
2020-09-04,8359,81,71.11
2020-09-05,10521,65,47.03
2020-09-06,11036,96,82.49
2020-09-07,9169,69,68.16
2020-09-08,8902,83,71.51
2020-09-09,7001,41,36.39
2020-09-10,6620,49,51.80
2020-09-11,8414,70,55.04
2020-09-12,8395,78,65.82
2020-09-13,10461,71,57.33
2020-09-14,9989,79,70.60
2020-09-15,10873,85,70.99
2020-09-16,7406,40,36.17
2020-09-17,6157,46,39.50
2020-09-18,8316,58,50.23
2020-09-19,9133,51,37.13
2020-09-20,8669,56,47.69
2020-09-21,8159,80,62.00
2020-09-22,8393,80,72.68
2020-09-23,9063,81,68.71
2020-09-24,9344,67,53.96
2020-09-25,10156,102,85.68
2020-09-26,6979,90,74.05
2020-09-27,13252,157,125.09
2020-09-28,17940,191,113.18
2020-09-29,26498,251,118.42
2020-09-30,24412,200,101.75
2020-10-01,19728,146,71.49
2020-10-02,17567,143,55.87
2020-10-03,14835,143,50.05
2020-10-04,19247,166,60.26
2020-10-05,17632,165,63.47
2020-10-06,20213,185,79.41
2020-10-07,20401,187,70.25
2020-10-08,19795,156,60.99
2020-10-09,17259,160,69.39
2020-10-10,17515,133,56.34
2020-10-11,26559,232,93.58
2020-10-12,24896,235,96.20
2020-10-13,20409,184,69.98
2020-10-14,21377,164,61.73
2020-10-15,17749,200,76.83
2020-10-16,17976,154,64.28
2020-10-17,21115,161,60.27
2020-10-18,29505,236,90.94
2020-10-19,24255,181,69.67
2020-10-20,20318,153,55.57
2020-10-21,18420,137,52.65
2020-10-22,18455,149,55.55
2020-10-23,18775,132,46.86
2020-10-24,22737,153,67.65
2020-10-25,22991,187,73.30
2020-10-26,20533,154,58.03
2020-10-27,19348,155,58.24
2020-10-28,15010,120,49.39
2020-10-29,14156,106,43.62
2020-10-30,18177,172,57.94
2020-10-31,19283,217,68.98
2020-11-01,26471,283,87.99
2020-11-02,25687,278,91.60
2020-11-03,19890,213,75.24
2020-11-04,20112,186,70.46
2020-11-05,22111,226,80.71
2020-11-06,23254,257,87.74
2020-11-07,26929,280,91.85
2020-11-08,31106,392,116.32
2020-11-09,29784,339,108.21
2020-11-10,23179,223,78.75
2020-11-11,26705,307,98.53
2020-11-12,21227,236,80.80
2020-11-13,21524,279,83.00
2020-11-14,23095,308,82.64
2020-11-15,25339,315,85.65
2020-11-16,26837,352,92.49
2020-11-17,25387,235,72.13
2020-11-18,27595,229,69.27
2020-11-19,25851,251,72.96
2020-11-20,25660,203,61.65
2020-11-21,33777,359,93.50
2020-11-22,43097,443,104.34
2020-11-23,35672,335,92.57
2020-11-24,22819,200,64.30
2020-11-25,23035,230,55.92
2020-11-26,23311,315,71.66
2020-11-27,24453,313,72.52
2020-11-28,22161,262,56.80
2020-11-29,25555,326,68.95
2020-11-30,24385,281,65.39
2020-12-01,23962,197,54.42
2020-12-02,27827,299,65.86
2020-12-03,23418,273,63.86
2020-12-04,23679,297,74.20
2020-12-05,21156,280,67.53
2020-12-06,24225,279,67.28
2020-12-07,25435,321,76.48
2020-12-08,24967,274,68.85
2020-12-09,21767,266,69.92
2020-12-10,20139,268,66.96
2020-12-11,19522,245,55.06
2020-12-12,15980,187,46.56
2020-12-13,19449,248,60.53
2020-12-14,20353,289,74.81
2020-12-15,22116,283,76.99
2020-12-16,16119,249,71.54
2020-12-17,15604,214,62.01
2020-12-18,14761,179,53.70
2020-12-19,12800,146,42.12
2020-12-20,14247,180,50.44
2020-12-21,11154,141,42.97
2020-12-22,10038,96,30.45
2020-12-23,6893,47,17.83
2020-12-24,4367,41,16.15
2020-12-25,9179,104,31.33
2020-12-26,12689,151,44.00
2020-12-27,14524,194,50.51
2020-12-28,16830,224,59.26
2020-12-29,14481,188,50.08
2020-12-30,12274,161,45.77
2020-12-31,7696,103,28.30
2021-01-01,14143,221,59.89
2021-01-02,17253,255,68.77
2021-01-03,17830,262,64.41
2021-01-04,17599,250,66.58
2021-01-05,17066,220,55.50
2021-01-06,19608,245,63.09
2021-01-07,19493,260,67.28
2021-01-08,17569,246,63.21
2021-01-09,15450,223,54.52
2021-01-10,0,0,0.00
2021-01-11,18503,298,74.96
2021-01-12,19629,278,74.99
2021-01-13,19374,224,58.65
2021-01-14,15019,188,49.27
2021-01-15,15026,182,50.34
2021-01-16,12692,185,52.56
2021-01-17,16744,249,63.97
2021-01-18,15915,230,65.91
2021-01-19,20129,265,68.00
2021-01-20,19619,274,67.70
2021-01-21,15049,202,55.70
2021-01-22,17395,228,62.75
2021-01-23,21198,321,79.42
2021-01-24,26717,448,106.22
2021-01-25,23527,307,84.89
2021-01-26,17013,224,66.59
2021-01-27,14799,190,64.06
2021-01-28,14190,184,55.44
2021-01-29,15051,167,57.15
2021-01-30,14691,173,51.38
2021-01-31,16378,199,55.66
2021-02-01,14938,189,59.02
2021-02-02,15501,212,63.23
2021-02-03,5804,73,22.70
2021-02-04,2981,51,15.07
2021-02-05,15836,213,58.55
2021-02-06,16444,196,50.68
2021-02-07,22490,309,79.19
2021-02-08,17905,222,61.77
2021-02-09,17064,232,61.95
2021-02-10,16172,193,48.90
2021-02-11,10014,164,45.11
2021-02-12,12090,180,53.64
2021-02-13,12940,171,45.58
2021-02-14,14065,184,49.89
2021-02-15,12679,173,50.77
2021-02-16,12150,160,46.28
2021-02-17,12754,150,42.66
2021-02-18,12381,144,45.27
2021-02-19,11344,155,48.77
2021-02-20,11139,132,37.07
2021-02-21,13487,158,47.47
2021-02-22,12678,152,42.54
2021-02-23,13194,158,50.06
2021-02-24,12437,138,43.06
2021-02-25,11435,134,39.22
2021-02-26,11556,145,45.54
2021-02-27,12467,186,53.08
2021-02-28,16127,241,64.05
2021-03-01,17119,239,60.68
2021-03-02,14201,239,64.35
2021-03-03,6578,84,25.26
2021-03-04,6578,84,25.26
2021-03-05,6578,84,25.26
2021-03-06,6578,84,25.26
2021-03-07,6578,84,25.26
2021-03-08,6578,84,25.26
2021-03-09,6578,84,25.26
2021-03-10,6578,84,25.26
2021-03-11,6578,84,25.26
2021-03-12,8955,147,33.80
2021-03-13,18546,275,55.19
2021-03-14,23128,372,79.27
2021-03-15,19229,263,57.99
2021-03-16,18966,278,67.86
2021-03-17,17034,225,56.53
2021-03-18,15419,208,48.30
2021-03-19,13037,203,48.25
2021-03-20,14696,197,41.62
2021-03-21,20344,248,52.43
2021-03-22,15043,228,48.71
2021-03-23,14159,214,52.79
2021-03-24,14706,159,37.75
2021-03-25,10244,136,33.23
2021-03-26,9059,93,23.53
2021-03-27,7693,110,25.88
2021-03-28,11715,177,43.14
2021-03-29,11468,182,41.29
2021-03-30,9784,145,33.55
2021-03-31,7742,98,22.94
2021-04-01,6948,74,20.40
2021-04-02,5818,56,15.91
2021-04-03,5415,71,19.03
2021-04-04,6296,83,17.14
2021-04-05,9598,128,28.31
2021-04-06,10044,109,26.47
2021-04-07,9889,133,30.51
2021-04-08,10446,128,29.58
2021-04-09,8224,114,28.82
2021-04-10,6748,86,21.65
2021-04-11,7565,99,25.17
2021-04-12,7666,121,33.23
2021-04-13,8323,88,21.80
2021-04-14,8609,103,27.77
2021-04-15,8535,132,32.43
2021-04-16,9199,109,28.20
2021-04-17,8891,133,31.71
2021-04-18,10696,167,36.44
2021-04-19,8318,111,25.83
2021-04-20,9379,111,25.35
2021-04-21,8454,122,32.17
2021-04-22,10958,146,37.41
2021-04-23,12321,156,46.19
2021-04-24,11039,147,39.71
2021-04-25,11432,154,45.98
2021-04-26,8504,117,37.55
2021-04-27,6872,80,22.80
2021-04-28,6536,105,31.26
2021-04-29,5667,79,24.25
2021-04-30,4642,67,18.56
2021-05-01,5193,72,20.02
2021-05-02,8009,108,29.54
2021-05-03,7447,113,32.66
2021-05-04,6182,95,25.74
2021-05-05,6231,91,29.12
2021-05-06,5679,63,17.97
2021-05-07,5138,76,22.74
2021-05-08,5372,90,28.01
2021-05-09,6208,115,32.91
2021-05-10,5189,63,19.44
2021-05-11,6308,114,34.41
2021-05-12,5710,78,22.75
2021-05-13,5222,78,22.12
2021-05-14,5793,70,22.49
2021-05-15,3865,53,16.93
2021-05-16,5873,76,25.08
2021-05-17,4925,53,15.93
2021-05-18,4653,54,17.94
2021-05-19,4361,44,14.75
2021-05-20,3945,45,14.25
2021-05-21,3983,52,17.60
2021-05-22,3812,73,20.87
2021-05-23,5056,74,23.38
2021-05-24,3455,36,12.12
2021-05-25,4488,67,21.70
2021-05-26,3578,42,13.22
2021-05-27,4414,62,20.15
2021-05-28,3952,40,12.02
2021-05-29,4209,66,19.54
2021-05-30,5054,53,17.12
2021-05-31,3691,42,17.53
2021-06-01,3304,42,11.84
2021-06-02,2420,29,10.51
2021-06-03,2644,36,9.75
2021-06-04,3066,40,12.75
2021-06-05,2811,45,12.17
2021-06-06,3194,44,14.62
2021-06-07,4229,49,13.46
2021-06-08,7,0,0.00
2021-06-09,7,0,0.00
2021-06-10,7,0,0.00
2021-06-11,7,0,0.00
2021-06-12,0,0,0.00
2021-06-13,134,4,0.25
2021-06-14,233,7,0.18
2021-06-15,372,33,5.06
2021-06-16,777,34,14.81
2021-06-17,744,36,13.17
2021-06-18,5161,66,33.79
2021-06-19,7499,104,53.28
2021-06-20,6207,103,45.46
2021-06-21,4908,113,41.85
2021-06-22,6186,97,41.94
2021-06-23,7427,106,59.30
2021-06-24,8396,125,85.98
2021-06-25,6523,104,53.94
2021-06-26,7141,124,63.07
2021-06-27,8719,102,49.44
2021-06-28,9761,141,65.32
2021-06-29,8375,114,48.49
2021-06-30,6466,111,54.41